0.97402159657401088,0.12964135559427292,92.980833557985704,-1.0454550144365391,0.13533544412400195,-32.261638774324581,1.0425783201889742,-0.018003688448553434,-45.300056988145656,-1.1230756254676031,-0.095841059964844141,36.006287966444063,-0.11712035255925143,0.063609805267839256,-0.99107851136536318,-0.11356728258653023,-0.13243468789663981,-0.13323127259854475,-0.14406351499808773
1.0713390870022048,0.16996651136223889,87.78510739469516,-0.9681563841565779,0.15764813873361827,88.665061928013927,0.81806447825073891,-0.16961424752181362,-76.944428624666699,-0.83628896222402438,0.14755152042964575,-18.974745074329277,-0.096702415514788836,-0.020261070912440077,-0.99510709566311817,-0.12359323393405737,-0.12582386427785774,-0.14704738382506785,-0.14171684037522247
1.1612094359977141,0.0098305628445642945,-16.223911269605722,-0.8534870906990768,-0.1329896250880096,90.729722955474472,0.91605968485661926,-0.045093463990300814,24.700036223241156,-1.0668598449461906,-0.070491318888590504,-90.245966436589129,0.047180275221793272,0.0097070304041006628,-0.99883922389478175,-0.13366172994512249,-0.1337196128972255,-0.12902627683955861,-0.12872407748620307
0.90125039130752482,-0.14325556208064008,-34.699159525672016,-0.83070013618701888,0.069764747089705481,75.337502885595256,0.95355993891626023,0.022615945260738901,59.534012599686633,-0.92186903390245667,0.033452665200145448,90.522422605254036,-0.061623320629351531,0.0052011709738531949,-0.99808592524647544,-0.13127821410949433,-0.13073897575606627,-0.13608940065358066,-0.13868665643332842
1.1160810113123218,0.079108952925665443,-49.842763853082907,-1.0396390377692908,-0.096873020465502571,72.129652930198972,0.84211947351231586,0.11058260657140012,-13.017499969131421,-1.1684453082038619,-0.090401278348249958,88.238151762090212,0.075350914016327625,0.073881738241882433,-0.99441627526467091,-0.12808864431606409,-0.1452833446635603,-0.11522919194774434,-0.13303952077515446
1.0344461974126677,-0.056420595978406235,51.715150190857401,-0.87893810173313591,-0.16517252018484818,20.019267713187389,0.92197254777027415,0.020445585676618139,10.113903694777051,-0.82809061131141304,-0.11478873915428599,-76.659695867329361,-0.00085271919754532444,0.07744303351939627,-0.99699641395006233,-0.12435496743196019,-0.13796736902821685,-0.12432193915733332,-0.13751767802238721
1.0500172804886208,0.10302324372020738,-81.452418332473812,-1.1006304449848836,0.068945573560909468,24.878741830802213,0.86062411416141571,0.14593590120589378,50.165900329923062,-0.80791442588264772,0.13032649811788882,-76.274364833972669,-0.061897772229311261,-0.0049327689110092564,-0.99807030493042859,-0.12601380668434894,-0.12664282438152222,-0.13510965249173448,-0.14053287495361308
0.87933423587117487,-0.14942219713650098,8.9442783423685057,-0.81438137539656164,-0.10314573688071822,-20.325865522855963,1.1170241896508459,0.13582355955433462,24.737879875608712,-0.87664192209639458,0.19495946169974199,7.6239533497743537,0.079566897811024301,-0.11634753555696846,-0.99001634316941955,-0.15650619946654884,-0.12025268359079805,-0.13712577444518592,-0.11813996270713108
0.84787543081335892,-0.085797285693785516,0.55572360463509085,-0.91248017708066065,-0.1608770964143986,-33.33203918839736,1.1669927029849867,0.19093081677218521,38.396786986876975,-0.83001791724768004,0.16311302159582064,-85.37152543283824,0.080157361909521427,-0.057674773585067868,-0.99511226392986285,-0.14776367510990243,-0.1277038218207929,-0.12903789599699605,-0.12385679064029802
1.1076815078088591,-0.039618434952028547,-34.989017941439357,-0.97653033036720849,-0.065990350525861885,73.375899167452161,0.82830395030252446,0.19843853837733649,17.766274905828766,-0.94229317618490016,0.17040027530132268,-10.54088356857865,0.13244425858225264,-0.053365873988966146,-0.98975279836027286,-0.15066305576067182,-0.13470451214095858,-0.12094087507483156,-0.12120426505461626
1.0686762522343196,0.06637579872232624,-96.977633510581043,-0.93020878893062797,0.17550496691065204,83.846902297026048,0.86859632913454332,0.016280152594994879,-14.895014768458623,-1.0426550251608211,-0.03364254019695978,32.985793400097606,0.068426562411293065,-0.001501822700656771,-0.99765502559008301,-0.13673012483259175,-0.14267211538773439,-0.12630648414570247,-0.12669101025479032
0.83939508950899466,0.16200085908638012,38.634124125862996,-0.93059399829942702,0.16960490643303322,-23.861803207405714,0.83387953623233779,-0.19716090255193111,-75.294459727699817,-0.87689117026948171,-0.091397567850327918,84.598179952514329,-0.019223329921874477,-0.14524571199590056,-0.98920884889568106,-0.1448233308535643,-0.11770089225897247,-0.15450267722208558,-0.11606196599455276
0.80283688186110624,-0.13627338387713256,87.562000034639681,-1.0951195484634606,-0.19814410280260475,43.903217328039887,0.96257009773275759,0.028773510970631133,86.17767205692374,-0.94507266406139312,-0.13146372663529621,-40.003870237812954,-0.025626977217861682,0.019408093719923136,-0.99948315840580015,-0.13208012076066314,-0.12900829843971098,-0.13201385543770047,-0.1343172850245164
0.94489127643035697,0.14065091724165762,6.0499307210777715,-0.91223289793456885,-0.11370629757685032,57.196964069322149,1.0949202553424406,0.043728792321995863,17.978234769797268,-0.8773515798180751,-0.10190059887258873,-73.628342318303908,-0.065366543812041142,0.00081290725881408927,-0.99786098938271806,-0.12520604229119739,-0.12589477094720375,-0.13492455771251938,-0.13585321937835637
1.0591205298985367,0.17370503553598332,95.752595448300269,-0.99024412946132956,0.10491718111624171,-68.65024163766806,1.0288495647648803,-0.018504411114611541,78.713917491173902,-1.188103433138745,0.042160037228991115,-3.8711180609011961,0.066623964275666192,-0.015032449214494197,-0.99766491010499525,-0.13637530662477662,-0.13872707384176663,-0.12992944418295352,-0.12525882505062633
1.0718254611502389,-0.036474847275043715,-19.466873459649506,-0.96196282435995017,0.01682193849968705,-7.3575184774026638,0.85718219753422242,0.095280317999251962,-39.880190865329723,-1.063804925882774,-0.027133174614562577,71.876038829892082,-0.050853296710453424,0.15047369302622843,-0.98730522632098283,-0.11057904258688872,-0.14824645669572856,-0.11775820624124604,-0.15252998410947174
0.8174611921669338,-0.15752800726408484,54.995053830599005,-1.1420941133501636,0.010967533217611347,-67.14516318257968,0.9200631108487487,-0.1080119037686357,-18.308648234973916,-1.010987046009272,-0.1005196283168059,39.323967125236436,-0.0093059403272046509,-0.033539209101068029,-0.9993940768923445,-0.14058382794623811,-0.12647392402060803,-0.14043119986199182,-0.12802704545055396
1.0813206787166352,-0.11222985479497588,-29.037094224448936,-0.82822725590333057,-0.034184799014859768,1.4139756002126802,0.90887933790070163,-0.15121275968835254,-72.754115809047846,-1.0737897626451385,0.12013880988222503,-19.748235833934899,0.099307364062287712,0.08040164217615732,-0.99180321807220273,-0.13272416638242548,-0.14748180615594569,-0.1196672892033513,-0.13757703272208299
1.1984885675429713,-0.15105581172861313,-0.4192394749427848,-0.88327110283759858,-0.020822667035931414,17.323401529390182,0.81883266904374186,0.030114389185486035,23.699786152851871,-1.0681141106191931,0.0091483580753110583,44.702244200611005,-0.00051684587410213371,0.062921354766111257,-0.99801835453299137,-0.12440080385429043,-0.14012772300645468,-0.12492822554804649,-0.13989280453736438
0.92351937317955257,-0.14991315220535456,-18.03819167832475,-0.90857286905976864,0.16285384688565346,14.341663246210871,1.0961085169818892,0.042270784152369456,-7.2142505398531398,-1.0574688219027326,0.19699767188409312,-53.546753962547619,-0.057932372392838778,-0.011964829396202767,-0.99824880820688044,-0.13375711906855897,-0.13116122565336022,-0.13572954531037101,-0.13844968371851818
0.80330060463152653,0.16770156560246063,-19.09070732652583,-1.1002332905173315,0.11909618605699401,-33.609957272004181,1.1573897932456398,-0.12735226744928041,37.001122585851533,-0.80114471960541955,-0.068794701668014879,41.999564850046852,-0.056004589029082882,-0.029886631236847937,-0.99798310370516607,-0.12824202417885283,-0.12490636063302163,-0.13947783622739049,-0.13211536091631643
0.91124308892041961,-0.1423394670797202,-10.934266016255208,-1.0557757366269529,-0.10799139732795543,90.008480147153449,0.88612942527486438,0.17207096199342309,-92.445770918554217,-0.99755769401255301,-0.039316854749405827,89.056372472231573,0.008383301167466552,0.017885072371549428,-0.99980490319251791,-0.13513078089558103,-0.13323437354327872,-0.12644325215558369,-0.1329598043132966
1.0766634098273808,-0.17734806402346873,28.558490099249354,-1.1336804304430848,-0.14376134299770291,19.158785324405443,1.0210471958308529,0.016489683738597716,9.4619862250818727,-0.84884123878526907,-0.11892455778108385,-75.527608959387749,0.061499591176797375,0.015394612923880703,-0.9979883797810527,-0.13951981485005585,-0.13626489562261762,-0.12611552439745516,-0.12607189132780142
1.0967766975387752,-0.19297709535067581,-28.57666124294181,-0.89788197326983288,0.12561766184329953,-38.762566322807103,1.1130913777072846,0.065698136955730235,27.892355542460763,-1.0393257236594418,0.026507010466351399,-69.213730529713246,-0.037426641072571744,-0.15893528423106182,-0.98657935411421227,-0.15035915014174797,-0.11397818020666722,-0.1514313451552956,-0.11832000315573872
0.87063729374534704,-0.1060271624791954,26.036217888910571,-0.88874109551919789,-0.1980326652169842,-64.380426174118043,0.81792784582986966,-0.066982055766958926,83.858158278841159,-1.1333564498659054,0.088539749267099621,-20.750365400040565,-0.026929138710283483,0.050887851764658161,-0.99834124828692727,-0.12692341721537564,-0.13274836853790106,-0.13019411981173332,-0.14046802890969048
0.89455155118269392,-0.080803398600675494,52.499265002835102,-1.1584213033819715,-0.11054332764061017,77.67790828638482,1.154673241688345,-0.045894292342401943,32.012076418783181,-1.0311784340170935,0.025435326886822207,0.99307775944829757,0.045372476716346852,-0.014737219387597457,-0.99886142818778734,-0.14022210704848695,-0.13169982782881137,-0.13087342724891987,-0.127901413541195
0.81254358181021424,0.16293890198504973,-53.036543244281795,-1.0096541599098794,0.079384947846143528,77.582962999197207,0.92033966608885198,0.19902748194409442,-0.88219985221751074,-1.1902254262647189,0.033972431818276139,69.286751772650376,-0.15108599454044985,-0.00037950260269055907,-0.98852055023226393,-0.11848556506967288,-0.1208073502698447,-0.14033877006652981,-0.13763016539443471
0.88197732376050419,0.13036690790711403,81.090481440287704,-0.92832273229682061,0.010078723384665589,-49.835535738716821,1.1855103352987215,0.036806146934317274,-17.423411300338003,-0.87002222029752152,-0.16929290148253592,-25.899522786543599,0.091036600974821691,0.068089487343584901,-0.99351706527680683,-0.12745815290656687,-0.14829861350497675,-0.11734087283676246,-0.12800168295344036
0.98061745999463512,0.1342408235778671,72.208289479797372,-1.1069901953831733,-0.18460107555998301,59.798694230624392,1.1865988700576289,0.17845959932263739,95.475100986657736,-0.80172895003207834,0.054913202405458383,-27.893336019988354,0.044328161486815461,0.096979980044216305,-0.99429869635327506,-0.12167722078849612,-0.14374120709120522,-0.11440932786094597,-0.1411622422919574
0.87166295364633073,-0.039501875456947833,34.144712511045299,-0.94869372732354451,-0.046003343748170222,15.343494903474593,0.88933570203647483,0.12812182798145733,97.275405775595459,-0.99775375761334184,-0.10766882300944669,19.028944456128798,-0.15273962706079988,-0.10165092367436887,-0.98302476878330758,-0.13504649930344434,-0.10766745556200308,-0.15291737753698198,-0.12990219267260444
0.93744081657878753,-0.018333087867581144,-22.688462592458819,-0.93930271961021949,-0.15149489228123814,77.386112712038397,0.83289830254056352,0.011433047052635148,2.2902278955386919,-1.0051999124721922,-0.029683146199493221,-48.433107907172413,0.026607569383396288,0.0096686823897699295,-0.99959919659449192,-0.13367854657948233,-0.1328983720604886,-0.12851897557229486,-0.13095625576444056
1.0157258177356427,0.19068500369174152,-70.216289969305848,-1.0150328414694483,0.17096907627373675,-58.04329562814803,0.86302971902456427,0.067661800420302565,-17.081026595239251,-1.1998108522353741,-0.17973870536971759,59.397787733823236,0.099049287335937181,-0.017442525010349357,-0.99492964424601715,-0.13845736706384013,-0.14275280268159965,-0.1241230658461132,-0.1197772910659517
1.1791316898281221,0.0024030370097131715,2.7248800406838285,-0.91781223454142724,-0.097071612964078693,33.298924105907588,0.94944120240039542,0.19483015294896305,35.747930444042737,-1.1549421819518635,0.036340148520551757,-99.298378136959585,-0.10345131716643857,-0.04672286136348576,-0.99353651125790909,-0.1263003304885757,-0.11769686741508982,-0.14182320835152629,-0.13188315253117314
0.99578839849673628,0.066012543567670112,-96.436226874138285,-1.0107468716532322,-0.11327847619314745,-2.0149595210384064,0.9537284082347991,0.14453900350516119,-4.9503464723714217,-0.98080434674292649,0.15760010035747707,22.529904176785891,0.034375615973980513,0.15296084927795717,-0.9876341911935691,-0.11553102653786247,-0.15227481554521183,-0.10961695252525221,-0.15057247277480801
1.0994322280552891,0.013587490978704236,88.378013204295172,-1.0754378975517256,0.1747449894726314,33.624612430483154,1.0555717593166887,-0.044718705295999278,-29.150992847257925,-1.0758337188798437,-0.14285180359694821,79.311840996214386,0.1988038572587795,-0.1955869290037528,-0.96032430956521764,-0.17174253943769341,-0.1283391501210058,-0.14061867661513827,-0.091437391212599028
1.1704084617271524,-0.13913292062054153,76.309980855212245,-1.075407066273373,-0.038773953949155171,-36.581096025603422,1.0650738833853612,0.053375662280405467,-77.083530883482652,-1.1065708829991798,-0.038849519626844659,-30.864031773836274,0.011633702215973115,-0.15849078718573692,-0.98729191597520716,-0.15313471277570517,-0.11337141401204769,-0.14890450689512677,-0.11305674255468763
0.81312783737563599,-0.05298736866418069,32.624650682068506,-0.83285798910951159,0.0065228866815278952,-24.61116812314647,1.1660531875489077,-0.014984990072112098,-13.889297163674954,-1.0631989058372897,-0.15424274371619853,47.494583128052824,0.012516711215010023,0.070454302607742339,-0.997436475763954,-0.12576201284482544,-0.14244500468300983,-0.12288600632919164,-0.13604807625306006
0.96425476343951044,0.11907982206469175,-56.364325313685782,-1.1916325397335563,-0.025298044952144272,32.00026153512556,1.1903531050704199,-0.16802467885666503,-27.001413867979181,-1.0001860466588808,-0.083004438242901379,-66.057154523365114,-0.0660684216127293,0.060935649448062637,-0.99595271488758208,-0.11831508708792214,-0.13134901909352789,-0.12889673120190287,-0.1423805337351414
1.0567754105586249,0.13985078892819564,-85.439442498636822,-0.8376854339407942,0.0045252088823375392,-83.393253811175668,1.1152788007461327,-0.18323343989538357,64.723959364544299,-0.97693352795975519,0.16207577449941074,-22.799992262285173,-0.073177977092103177,0.093273786698472722,-0.99294762418953175,-0.11255915750148743,-0.13948015872176123,-0.12831940858225874,-0.15174459776733254
1.0189695572807653,0.0040005876205708168,73.00427525496093,-1.1695272017498586,-0.11452532928459687,-70.851838131166431,0.96171958665323032,-0.076103613842082973,45.687961275517125,-1.1082380910025103,-0.12716214346049992,31.731507582005548,-0.092343941710559485,0.0096135669280972488,-0.99568075996288874,-0.12330648704042323,-0.12151777587304513,-0.13970125539853384,-0.13641192378845624
1.1522269147402548,0.1517683150169935,-94.573346540201925,-1.1609772854258651,0.18949243392498383,-96.864033430101387,1.0776321689189869,0.12537480573421972,-93.350640733066797,-0.82328755484473848,-0.034708569076921325,61.81559722964721,-0.057318114549565168,-0.027636079899155411,-0.99797338683568637,-0.12691496173292435,-0.124745416368981,-0.13664036975142466,-0.13328862681563841
0.94952928557430194,-0.035406211179892788,79.810877813401959,-0.9625703202323499,-0.10130573367426798,2.4568203873219119,0.9782308236738867,0.1551470350971369,-86.997298082385342,-1.0707692052391777,0.059718421005794664,13.673510375045424,0.077912121802546169,-0.085048357567291816,-0.99332596772224346,-0.15045313100622043,-0.12625787674753586,-0.13239656234729621,-0.11900116168432902
1.1666159116082864,-0.078605757247722438,52.571668718209452,-1.049099112550655,-0.17716663616831047,30.345533727203332,0.94618407710067842,0.020142233783873642,-47.284938104003693,-1.0257301876244378,-0.0033435169627956951,-28.896772702262012,-0.055975154509955181,-0.0046610377787707387,-0.99842128222730275,-0.12710387956731201,-0.12435123399874512,-0.13671513706346405,-0.13539452069913574
1.0494098708765915,0.088386437435339249,5.0784497785955978,-1.0935815694663069,-0.10800818068705631,-24.127206550404907,0.97355466263441559,0.12327186211312335,-59.732858185227997,-0.95032061160367354,0.11879174036699469,-18.702279720664052,-0.036041229543794746,-0.055622301307198203,-0.99780117727444229,-0.13439572154234986,-0.12060398413572017,-0.13879616161950056,-0.13162060378152432
1.0427091012617749,0.1006047961139373,-75.920453860431223,-1.0050470015681263,-0.10825605655048848,50.203509547765833,0.89709597426129783,-0.10684666811378128,-48.288276787863936,-1.0809927657595386,0.18405390472732369,-62.175316080606514,0.062341652775716135,0.053574982211703155,-0.99661589371743786,-0.12932793496768999,-0.14136654865648574,-0.1243594037345363,-0.13819963833002719
1.035413908505932,-0.18506023842936417,55.298582394741914,-1.0858558170379,0.043635996006269689,97.238739730617652,1.1262948984497565,0.065696917261587884,-5.1908041353368333,-1.1387490381748118,-0.019990509158146624,71.461231790279385,-0.031567440437701925,-0.072148359124796696,-0.99689423259431664,-0.14254640098729782,-0.12147575636012356,-0.14065403054292888,-0.12522495213352042
1.0419806888024845,0.017174373707564611,-61.371997715021152,-1.1143252734272051,-0.15951465158881392,-28.205280798611199,1.1253327925672019,-0.037413305362242438,-30.029955939519667,-0.89678209022918964,-0.073564696409026464,-66.724494303084839,-0.15041450845139795,-0.1010756511244711,-0.98344251911186376,-0.13179895917031381,-0.10320349400666513,-0.15184056348899613,-0.13154366585875343
0.87916093601028067,-0.068661317504004865,-53.919550659627859,-0.81321378930478139,-0.020052876397413544,-14.851002522147596,1.0133581888689587,0.14387613843798863,72.724920717951136,-1.0840084465404101,0.18754823517817715,-0.67531649526210913,-0.029714140760738104,-0.11895472766694372,-0.9924549574688688,-0.14741120331996485,-0.11571802433632644,-0.1454319558878252,-0.12417047685931823
1.1574381106148954,-0.047363478984555535,67.801079421725376,-0.87048560166952105,0.025717486467606049,-48.652319969678025,0.92989285657333065,-0.14347966750003913,79.031089942770819,-1.0839994536412743,-0.17866242485962741,74.792767639941928,-0.0049092909178899075,-0.023370495482369441,-0.9997148187376198,-0.13429145229460504,-0.12976399501146429,-0.13980234151026769,-0.12702761639892204
0.85599579674684623,-0.19404480471855712,94.693049512843857,-0.81822110381340618,0.0099381952087603531,86.775033487655122,0.89389760465207746,-0.0303444602497287,-87.235706243893702,-1.1056950091173816,0.19048409697251401,0.80417785183057333,0.080054800614643054,0.021130036500542029,-0.99656648070062837,-0.14122392295029934,-0.1399514415501929,-0.12417201588470329,-0.13336654869363138
1.1711799573647403,-0.1097312474817756,2.3817968314723714,-0.81616065356341994,-0.099506143680215514,54.976831776897001,1.0503761172896218,0.18416342526162394,-18.799695803641299,-1.0806272275894317,0.042051521423163762,32.099501943645009,-0.16154142512017425,0.12868571464391695,-0.97843975533332017,-0.10069784074882744,-0.13480622196262793,-0.1249287661251602,-0.15669609241417093
0.85272642079682515,0.15922754174925635,23.835577643715311,-1.1830962255553832,0.039417741111524324,41.3975179150614,1.0264795938661486,0.12945094286214853,27.009590063808204,-0.84946034575368978,0.091552044998965798,3.0947385022009257,0.018688340542620564,0.084023936771179836,-0.99628847427702172,-0.11979728105390837,-0.14373976696329577,-0.11975438397400309,-0.14340127851877624
1.1561863727830213,0.099968256064083161,12.606611853132847,-0.8994755633615521,-0.1552632805595256,51.207278648914127,1.1045625073789278,-0.051988803135561451,50.963386383453354,-0.97795326832856455,-0.067570025606849216,-28.126120845723364,0.029675842682045289,0.025192466071669781,-0.99924205476668082,-0.12930165631788457,-0.13449593504950777,-0.12769860454490362,-0.13172050818052072
0.9443271600199854,0.10863682745868181,92.7022955709771,-0.96237783149736356,0.11105180205079862,43.013696766819351,1.0122913354260967,0.12857536442782541,-99.865998090020284,-0.88124459563556456,0.015174557112085901,-29.862055543001432,-0.033570222882997228,0.05727644032548454,-0.99779379108071575,-0.12151784613895955,-0.14023439793852679,-0.12660809426599048,-0.14252392629517519
1.0840648029974984,0.04039092192782906,-56.120383148698558,-0.90769092223666847,-0.077454193509100711,-50.298553371135668,1.0947072916819112,-0.15841114768455145,-48.82043850701907,-0.9918964874276992,-0.14927382227312111,15.03259829372881,0.0047233452295408745,0.025622553825700261,-0.99966052975262143,-0.12876521602981861,-0.13433156838657562,-0.13187278791753404,-0.13238866121064599
0.9461651403701139,-0.12663993273312371,-23.343891032774721,-1.0164646911446646,-0.03208056892508751,-53.332729133036153,1.1596650704335989,-0.017556634416295402,65.835813199287742,-1.1271893743350381,-0.12017484118836858,79.063104422899556,-0.11499150435644728,0.022425293717005652,-0.99311331686144821,-0.12349058623243737,-0.1247448388327638,-0.13452395967251526,-0.13864145701603806
1.1000333738710648,-0.025679472281246646,-39.232615187307871,-1.1342960157548412,-0.046712677017390292,-79.722328936330086,1.1507062010048488,-0.17976264536160413,-43.668807711102595,-0.91735186997397766,0.11181469271771866,50.084343440454973,0.0084616914719194171,0.082627337233188408,-0.99654459153576613,-0.12338805525435416,-0.14192316488696599,-0.12416081123312676,-0.14471357655085104
1.0322569551470171,0.10952566773515676,-52.93865200891161,-1.062413068983846,-0.051175215172767657,-9.0519834172365137,1.0256470423611388,-0.0074435968081639214,-43.003705265919322,-0.97931310053761822,-0.10515118989039834,-23.160695550858051,0.045520107571471895,-0.13950529409803558,-0.9891745006445033,-0.15149424318887628,-0.11838348311018053,-0.1457884448764375,-0.11170096415579919
1.1936426990126665,0.13679222113782646,48.189438961785214,-1.1428352419859527,0.10425635401235855,55.168450738101058,1.0710165725305445,0.027935825814273396,-42.869785960823179,-0.80449333805706891,-0.1304659836242911,81.913663885857602,-0.068899335519225557,0.0086202507484618059,-0.99758637362488212,-0.12098134638721532,-0.12738285484931922,-0.13492204703246002,-0.13597758938213278
0.9954398714131375,-0.0057896235100233784,25.136913494382497,-0.97380593009405347,-0.042811761909587798,-39.870552532082428,0.86755895461277888,0.03889942333118554,-96.411313047178382,-1.064709984844763,-0.0033224913038027992,89.705039914141281,0.0093915510865037726,-0.0021405799032824858,-0.99995360726679072,-0.13356749441062141,-0.13231905394540522,-0.13102022679176115,-0.1310045917044971
0.83047746646458376,0.011962686543824264,-51.156426994208971,-0.95178492528003289,0.16042466370206937,86.368286759805954,1.0796610924457011,0.19813408252981907,-72.219687674543337,-0.88460974735800013,-0.011044218095810215,-78.881276621709091,-0.037307485147066922,0.12882508458991429,-0.99096531177049929,-0.11433011551514381,-0.14916964436420949,-0.11643454728189294,-0.15042938150192098
1.1879178044195131,0.03534070584795973,-43.228765926006261,-1.1207674797299592,0.19115102696180925,-55.405703900781567,0.9843676008250335,-0.18791232684834017,-64.625433396647523,-0.93263701444777092,0.084050912644287545,-89.397643850885572,0.021742397641393275,-0.14835756768292743,-0.98869474574107508,-0.15088308941274028,-0.11932959884548024,-0.15133265437746996,-0.11717444112344454
1.0905986159721819,0.15370152268549164,-27.198602358186037,-1.0021593967509239,0.049190018931213941,-96.715517999454079,1.1226581071257851,-0.19758800495691164,32.386070607496322,-0.98358537767087584,-0.074650460933498586,76.391024321959435,0.094621156943882553,0.04400563377851284,-0.99454026607993751,-0.13179202033057841,-0.14696763061264453,-0.12491696878012271,-0.12833390063393474
1.141052575662695,0.12251490468808551,46.444251285676643,-0.90526693135588132,0.19660810626381425,-18.834341475301358,1.145793579482361,-0.0022076449343213511,86.61093456735486,-0.86048315445579626,-0.076130609278990138,30.256131983977951,-0.039476705252310632,-0.12276659403333964,-0.99165011628692668,-0.14151807617899434,-0.11907950811087104,-0.1478350137965726,-0.12071939419804985
1.1205775129649826,-0.14072542499969365,14.937681311300622,-1.1164719890246839,0.044856498691911162,-18.706199154431658,0.97454205075946831,-0.12462625107863974,5.1076953787946735,-0.93993039710808635,0.016389593954922926,-2.6226377050609671,-0.032285490199512289,0.05422632180827977,-0.99800658973060996,-0.12393630062082538,-0.13650944790705083,-0.13149217057508789,-0.14206869955497106
1.0576971806751658,0.052535110893713544,-4.596149960809683,-0.905496782072023,-0.11757701870766245,-52.233477507752156,0.99834113033387395,-0.019134054366688247,-36.717070694301988,-0.88184209129540614,0.12131025392581779,17.615270978741165,-0.0089626157132024226,-0.13552931686349645,-0.99073279737277875,-0.14792029755705327,-0.1129846409935788,-0.1495410472337082,-0.12155792753536618
1.1762077656315906,-0.0025030767171502766,23.465019775342185,-0.80887479375675531,-0.0020633912133268539,48.14760305098099,1.03879562567884,0.18329968992068851,26.340706252075648,-1.0409615386353399,-0.062103778450879693,-62.311252451791368,0.0028260819016925876,-0.086644649110847918,-0.99623527243394827,-0.1421378446884087,-0.12210577009308786,-0.13805895827463263,-0.12197412587145823
0.84834445015497051,0.056366447922682195,66.464869496021095,-0.89839112784316044,-0.066509704930602043,45.678221322285225,1.037544987831271,0.15334212203419567,49.581838722798807,-0.93748943626961445,-0.085389044206336931,43.205513103139708,0.036071573285123233,-0.07878444211619838,-0.99623885352920027,-0.14309542806759326,-0.12458617040488904,-0.1352565290844035,-0.11986582192030895
1.0953127287050295,0.02146375230423847,28.643663795011093,-1.045074807664407,0.096607797194828648,69.204426839649813,1.1385006450733455,-0.082822794376676445,-58.353176670616456,-1.1900704281457126,0.099998497186647606,87.784973166615174,0.24270957170081989,0.10925498063411948,-0.96392707867942096,-0.13735511754601712,-0.16678993853943996,-0.10467036626320975,-0.12967654833103198
1.0587321748719993,0.1290887759858379,93.411295793015256,-1.1927509231518743,0.07741308720083695,38.555472745807293,1.0649721545259727,-0.11297866314772934,-57.154412145242553,-1.133520267203395,0.18277392934040643,68.765956676501702,-0.046301357748067332,0.017045775343555683,-0.9987820712315687,-0.12436517281778271,-0.1290025047677627,-0.13531153724001635,-0.13903330604387262
1.1377820743964815,-0.024265611786653596,45.35075780222752,-0.98939375975140964,-0.03763006335529151,-72.285664668863461,1.0374698767051891,-0.10409667753053675,14.929842044318605,-1.0651640965548259,-0.09211150979735945,-82.505068029693376,-0.043835034548337759,0.075657705118318347,-0.99616986573695143,-0.11875512387746488,-0.13813153997519456,-0.12888995562181144,-0.14202395357507944
0.90480004128800429,0.12798429960920266,94.235339509712929,-0.96929999119899857,-0.094750676897116609,-3.6130701004636592,1.0057166943017031,0.13204434049779235,9.3316472066902918,-0.94585242194792252,-0.17326936970064569,-70.077700927034201,0.022968027829477124,0.0015384065147611124,-0.99973501639335394,-0.13157587034194437,-0.13289835858404625,-0.12849623492096757,-0.1278174355957043
0.86587722472510453,-0.10751416001857961,-75.737231681500958,-0.90919616150680782,-0.16600725257870505,39.146008745688675,0.95106135407758297,-0.041775018782343187,53.289217704896487,-0.90768064035227058,-0.12924861787843533,-77.651542926127348,-0.044128534777005804,0.029715685733102421,-0.99858382244048294,-0.12855830323394196,-0.12983185868240046,-0.13334965096322532,-0.13675775521729364
0.83634439781921543,-0.15911452276093443,-33.201960080303095,-1.1445566232849398,-0.17617723493215787,-67.90425183667503,0.89844811656994139,-0.035116219715470798,-67.038916064004269,-1.0175816158445841,-0.10417391211591545,-2.7615118226962636,0.099883546347006802,-0.1080267793692294,-0.98911753199923469,-0.1566381917341016,-0.12341644957075384,-0.13817415209451755,-0.11133441525719803
1.0241091427177318,0.043863889598233341,72.277003660511298,-1.0838086146927128,0.084950977418445317,38.663785068366337,0.8206305564577393,0.11337292103863977,-63.135204564723189,-0.94713218089702778,-0.16021610900411584,42.189051652665484,-0.0069532695342058243,-0.037813113343844629,-0.99926063692213463,-0.13563292638253929,-0.12799168003314981,-0.13414721577163988,-0.12617628974893022
1.0020459154489287,0.16350088427997894,-37.842879049374645,-1.1668079842357146,0.021541149908445162,58.263282056559206,0.84044664605683495,0.015647121445219792,-56.459972380882938,-1.0760057684950115,-0.16922289656376943,-7.8178599884540603,0.13230384525191619,-0.037462614075691264,-0.99050100710608713,-0.14342608669089194,-0.13828285752024774,-0.1242465474208326,-0.11551831580719196
1.0582282564127006,-0.14940600320802888,1.3394970952545862,-0.87789622821128077,0.069017791487634372,-3.6437696610705643,1.0200101426810262,-0.049179594177940211,-18.43272068748864,-1.1335512441865168,-0.041340198448029275,25.352580562386535,-0.044399075582346889,-0.10086422636953138,-0.99390901491349237,-0.14376807166064079,-0.11909974113959038,-0.14841066556298918,-0.12260440771900907
1.0030672537648671,-0.19096920751663748,-30.515528496225926,-1.0966075460981066,-0.076762107605046481,93.773051390946193,1.0128256226475434,0.10395475528817605,-10.592658052086733,-0.93536325459427117,-0.17602978062491648,-67.903710412311881,0.013591738060902202,-0.0082803384015472485,-0.99987334230513403,-0.13951119373789336,-0.13084305875546282,-0.13067384652864222,-0.12738518137672672
1.1119532014191003,-0.19522475958450053,-82.437696604846451,-1.1363806500393223,0.055790574252098768,13.625231076939855,1.0037115084516504,0.13427021404925854,20.949098782226343,-0.94783243155220764,0.025075251557836686,77.860231866787302,-0.012462683582971366,-0.093364560573456171,-0.99555398665609107,-0.14538817617353519,-0.12014375190772072,-0.14120785767244062,-0.12441361002157834
0.89962724979071274,-0.16782850421267495,47.892399086640381,-0.86699666749314408,-0.056984369219297476,-42.633740502363707,0.97220945877352805,0.19452315953551075,48.561739256798973,-0.9812156180101671,0.052184034356921483,-65.730053990045775,-0.14551267037111981,-0.050289325217681639,-0.98807744966202726,-0.13149541665787221,-0.11489098746937754,-0.14490857224047576,-0.13768299282459059
0.97347490943739157,0.1128502702493725,63.108728031008951,-0.91702959649764093,-0.18095003404611948,2.4618074650774417,0.90303786144322651,0.10757655261022592,53.128752669059736,-0.94640828897859586,-0.056284938349999619,97.31922079237853,-0.017040382723288318,0.087946634157496942,-0.99597942493658542,-0.11886184851848165,-0.13802816967859999,-0.12236302722523854,-0.14302580045268143
1.0899660009825889,-0.0069490477606693468,60.094678510137328,-0.83881960033806457,-0.12958458807152529,41.916518358685295,1.0355139070656147,-0.13300974936822851,24.754672848221219,-0.95569276665809777,-0.085626870277631592,38.994662863489594,-0.035490354412267194,0.10427273342796244,-0.99391530414173257,-0.11677298148520995,-0.13939208050308674,-0.12596753149799819,-0.1456080136562852
1.0928821455769751,-0.18237779398054621,25.846776697994486,-0.90332900364834401,0.0015171863927258555,59.818463425424682,1.084476327449684,0.013127576274551911,-23.303206783884619,-0.94691105760357797,-0.037927432744569195,65.80994854955469,0.089993857406386144,0.018932731069290155,-0.99576234982217382,-0.14147973061532457,-0.14113596262718756,-0.12359833109309662,-0.126604658451754
0.88106868663865567,-0.19944714519817289,18.51562644731996,-0.83684789245829072,0.16177305104871764,-53.667021370752764,0.83153192206324644,0.18804113314932563,48.962781690775785,-1.163059725466058,0.0013305439017633758,-3.0944077283361082,0.077406725268503451,-0.064690314514734754,-0.99489866925792558,-0.15159934768196284,-0.13415552890050705,-0.12781246124689793,-0.11942217111084916
1.0129985528764747,-0.012626858292629578,26.138072009221119,-0.97794615358453041,0.082770383858529084,-80.733072733804718,1.1274344937287764,0.1946733262748796,-66.767886206161961,-1.1995653154127768,-0.19617512700381418,-74.515481368031075,-0.10157513420300431,0.067735444773611195,-0.99251921978013236,-0.11632871750781583,-0.1348834816236377,-0.12727121565713559,-0.14074016588557078
1.1678745127282464,0.021872766532098936,12.946761662710188,-1.1817928105925344,0.027432133611849652,76.191843958185871,1.1668483380618764,-0.11256503215016905,-42.501409451602569,-0.90942902414507665,0.082859688629113026,49.755973821090862,0.0047805742887291475,-0.087019251286495333,-0.99619515960227778,-0.14212209656666158,-0.12123326856342606,-0.14245462070687331,-0.12480729516208486
1.0543301960163534,-0.0014745277686717684,38.635304285425264,-0.85787848594227367,-0.11254524493057194,-72.627551046174489,1.0669733077402643,0.015102564381147487,-54.765493906657085,-1.0745175836267262,-0.02474903231132114,-20.884229207649184,0.01671906896260868,0.1543538445784195,-0.987874163746013,-0.11542947887616384,-0.15007797827136343,-0.11414086920213673,-0.14853620179802773
0.89453388299423064,-0.13259396774825688,74.68944157677231,-1.0743541098144276,-0.14464753429957986,59.487588651706801,1.1642598981058552,-0.050269833956805482,46.913199010958067,-0.9309214534333301,0.10679646666329651,69.039959864943313,0.065162870239358198,0.036910307123812776,-0.99719177171203854,-0.13646336160205236,-0.13923943579513229,-0.12358912191121731,-0.1351999052445923
0.93908852317076286,-0.19817015518902378,-44.50881534405049,-0.91650545135399897,-0.071438771218964886,22.766816812056049,0.80737658123230827,0.0042741324747458953,-6.6751304868644183,-0.86601300977573969,0.089099035794591441,-47.191876699738302,0.012878621111618867,0.019369260182494061,-0.99972944984042877,-0.13671104280128493,-0.13436050909950834,-0.12857975252175527,-0.13651827282909249
0.82783102380160034,-0.19613721358642572,-57.263455008273809,-0.93483065439459267,0.066305968632306977,2.665446976691868,0.95643004612972871,-0.026935966661525729,88.268215728497523,-1.1570044172954621,0.10357832662413574,61.933227258825468,-0.059480080654456022,-0.13746395532042907,-0.98871926298267421,-0.14940338336738271,-0.11346535835332432,-0.15362281568573943,-0.12116895702271588
1.1334325366728462,-0.16960321637365197,99.580245459400686,-0.95563959976199664,0.0919401500186941,17.117734216103187,1.0132648700485107,-0.15451030896074505,-88.909897193354965,-1.04682576750073,0.0035340367374612769,31.241321424568014,0.15911747575090174,0.030327947994242752,-0.98679371931580495,-0.14518377623136092,-0.15072984574589438,-0.12163591903367224,-0.12432927369651746
0.88890121009400125,0.092053228410912569,74.447551770711726,-0.91676000114530409,-0.19811732535264115,77.097803800473116,1.1519128762607158,0.098084177874878997,70.549226113135177,-1.0027923041555153,0.11453036528927019,81.40920197040424,-0.027375614953267687,0.062895395192521436,-0.99764459852670329,-0.12151729390637436,-0.13425358416132427,-0.12460437104942938,-0.14452474406271992
0.94323245917652565,-0.14935133052122795,70.838318992961376,-1.1588290077393431,-0.11200983616823496,-20.829280690709155,0.96229039134615568,0.079000175597952915,46.489205266502694,-1.1033803881155482,0.11289867826356775,28.293023894151361,-0.067302780103166399,0.0066849717723723766,-0.99771020188368698,-0.13036610350985095,-0.12387585718068429,-0.13549210927856878,-0.13847445484175364
0.9700595367134206,0.18578071811718,-87.858251948881772,-0.82330155661756443,0.16820472535675351,7.1748071303165091,1.0773337775730905,0.18673115536748069,75.114006311331536,-1.1030021112895096,0.16232980270553021,9.4696629319133336,-0.020776885274544372,0.11035166488364589,-0.99367541536242909,-0.11382707208818257,-0.14892314082115732,-0.11787977280202518,-0.14824703415934315
0.82157248965501206,-0.1013443073196577,-13.924124413039067,-1.0859309119244567,0.18793635007273013,61.952790274272729,0.9915299033514624,0.14584608331767679,-55.800616872119036,-0.98337146359193273,-0.098698760908889724,19.747304576015281,0.0476312948007113,0.00027425731556682579,-0.99886494809785598,-0.13849593229337406,-0.14036510257643725,-0.1264438857116445,-0.12736024527611781
0.87553967640793218,0.18744177863980677,-16.764560315703662,-1.0909266554209165,-0.03882556516673627,48.020093706061687,0.91172390063899833,-0.050154218397750944,37.034836871782005,-0.91060236864238742,-0.016587892295741924,-65.275705626240011,0.094819809430950266,0.0096200154089399418,-0.99544796902852239,-0.13321187959984299,-0.13999554623216129,-0.12529049257984884,-0.12528380453483298
0.88436594788628253,0.015156745738588884,86.232695017120051,-1.0963290615719188,0.18756824922133519,29.965976562389699,0.83370823813287709,-0.077652732731425284,-4.9112845773124292,-1.0209795325372639,-0.15147534467018062,-11.603985203560185,-0.038358511982107199,-0.13392675515652935,-0.99024857930307664,-0.14670324154697939,-0.11573436800920114,-0.15289938714454046,-0.11737824510541028
1.0568203470624034,-0.015609238516275242,80.511909337300267,-0.91039990915969238,-0.18781441375414012,9.0347259847908958,0.80158325840352618,-0.032623937548484472,32.10679614933315,-1.1704728709785974,-0.096941257482263857,17.514138587323359,0.039000152847706963,-0.14408981270166965,-0.98879578981377814,-0.15418141447649861,-0.11280255987206936,-0.14614762704667611,-0.1110044996432101
1.0142132420909074,-0.16732916506527951,-57.775520485257758,-1.1041434343756029,-0.020330883212976852,30.510943171615679,1.0268950153245704,0.029316045824729409,32.760295099537643,-1.1734960165357302,0.07879846133974111,-63.477876524689769,-0.071201009585081132,0.16444240810583469,-0.98381355482145039,-0.11033744999479071,-0.14585393730245472,-0.11872646852238271,-0.15389000235071493
0.80294764017094911,0.11482643439075751,-77.733567315094604,-1.1107350062928423,0.056830604128179751,-35.527435836745241,0.91712644395838783,0.050439020911190791,-45.080249182646085,-0.85186018789016282,-0.12298778475537238,-58.514130045313742,0.01509875485958069,0.0095264380312921528,-0.9998406245898025,-0.12921436573302028,-0.13533272554843828,-0.12952218035594193,-0.12954301322497819
0.83476395734237463,0.16031731450538067,-26.779369806278197,-1.1847610952438326,-0.096664368786890942,83.006307361992981,1.0040146853873488,0.044385655778487798,98.813937363039486,-0.84298248051711544,0.07831340735224257,-7.648735809523501,-0.088424044603076402,0.051245910608121885,-0.99476381366733357,-0.11679007781429858,-0.12695169333179029,-0.13247898454629731,-0.14764489961191909
1.0738990800466506,0.086184743182062207,-46.515137952352667,-0.90247252162126423,0.063907598368956209,-21.626899126367547,0.83989166039005869,-0.045905546708992662,-18.647765216880387,-0.94610489912227969,-0.0052668127486608929,-78.946535258040299,0.030960114328087974,-0.016647529579321859,-0.99938197456212763,-0.13511509207825928,-0.1344876659079173,-0.13311592958057589,-0.12841084310672798
1.0240635413892782,0.15744598035463481,-18.608291893740201,-0.94246669499950453,-0.10892155201822602,-26.686608271421747,0.87162333352210997,0.061729700505325169,75.073107411123402,-0.81618929667100715,-0.18793284675850455,25.612746996254572,-0.078723193261372768,0.05406118382827866,-0.99542957924999287,-0.1170093423115469,-0.13077256176897148,-0.13187343226115067,-0.14046775256224317
0.99845412437957992,0.16249271864895465,6.3482356943250835,-0.89372794604297012,-0.011600190753633249,58.336238686565736,0.88975198514989706,-0.18414303527372181,-26.125628658758558,-1.1482952264401922,0.040513248000341118,-1.7800545831834427,0.057231497892157687,-0.082067186229062325,-0.99498217702301806,-0.14326713777260891,-0.1268304674339894,-0.14239427863786291,-0.11966337794268143
0.87296727935219631,-0.096833475119861498,55.177956933290034,-1.1245444506790232,0.13269422809444648,-46.585382068206286,1.080722226928742,0.12246166305285267,78.174541424244296,-0.9832460708329549,-0.052089903432398638,47.048532404628531,-0.074403177367986933,0.017762651253224113,-0.99707003536261396,-0.12746543092108581,-0.1289615950692449,-0.13301564618960821,-0.13861763124849985
0.94563467147963221,-0.1093886832782586,50.079979971416151,-0.8507726668292992,0.19476913393863166,52.916494275399572,0.86535448508027746,-0.042371784206489738,47.737688177363623,-0.85668244214109079,-0.18168841031617844,1.2854116907112427,0.082848464536582581,-0.0057615201758083141,-0.99654550162508604,-0.14279505053302513,-0.14329567848233626,-0.12746387058705227,-0.12045114378873563
1.04676239435607,-0.069543696661189952,-48.152250591405156,-1.0504727996312559,-0.14080608429866626,-77.173345417641045,0.80374978008673659,-0.06877741438593607,-73.136926691005158,-1.064436565620295,-0.17203767393183533,-19.982709963460294,-0.030066317727217139,0.037818635211629328,-0.99883220180821952,-0.12622398216433164,-0.13190076919713517,-0.13189791646539595,-0.13547657893821471
1.0126427210948745,-0.11490384265331258,-8.6610212949797045,-0.846821743876643,0.17969996080367961,-46.318192423442483,0.91672095384344143,0.18779493724556867,-7.71341845882543,-0.9732661233824299,0.088230971923915491,-54.119807820924962,0.019512411412274118,-0.0070417920789931062,-0.99978481633059135,-0.13798065988073266,-0.13834236389967997,-0.12815811323941842,-0.13281580882780289
1.0411463050687804,0.11816064759711986,-77.199543354573677,-0.91363938319429805,-0.074960711293526494,0.07339843187227757,0.86870135543917837,0.011897715211708126,-95.246107801689206,-0.88238473322802091,-0.16505012354086449,-63.315705806624933,0.04317957721126417,0.060581264413259367,-0.99722887769756619,-0.12665569119666228,-0.14117288633195979,-0.12235485214059053,-0.13183080400905431
1.1765466030411278,-0.049678582949678474,-65.953091387405905,-0.88728997733788084,-0.097361252875143356,-44.972935604572498,1.0769810936517694,0.18849355739631851,81.169634396652953,-0.81857021408320163,-0.14576516714456381,-24.872956184760554,0.0050952939956983058,0.099847465737343627,-0.9949897092758937,-0.12019734838870214,-0.14300468317808648,-0.11732399381314323,-0.13849942881072777
0.82147815618136621,0.13134154143102111,-28.893409036815811,-0.85016699465951118,0.16828220251728959,-59.115943139569936,0.81532463497208574,-0.13533894673144886,78.767219102567736,-0.8795962987241509,0.047542767820236392,-11.375976680038974,0.08779333753815205,0.014337776562308583,-0.99603552047462707,-0.13270761669332418,-0.14532994389670462,-0.12724662973535927,-0.12844647902734785
0.91932952978017801,-0.039540336830627354,-43.911374483233942,-0.85660048544307843,0.044033647998930503,8.0769920140003677,1.1638726979902623,0.12671986978023886,-69.698105363021725,-0.8599357626848213,-0.18198414073653277,8.2989410926566478,-0.0022805629431486094,-0.013854503777270466,-0.99990142101996626,-0.135439841055498,-0.13162850777494803,-0.13066956925207379,-0.12727683780558588
1.1584516925719712,-0.16284699316303908,31.04251772016255,-1.1716732662401319,-0.17192813857717223,-87.967165692361121,1.0237029018714052,0.14816226503207724,-99.530275944402604,-1.1442606538760125,0.025897239719561899,16.153538728667272,-0.020776259960715464,-0.025517324847452783,-0.99945845994452132,-0.13496018197408016,-0.12351909797328293,-0.13417820654333798,-0.12979293919829457
0.87250095738429578,-0.076476652430416125,61.482633468055468,-0.81372362401768261,-0.0029759449529982995,-80.655913486248366,0.89540768733523468,0.12291268072059597,-6.1688867494772239,-0.82131754197410867,-0.010639951836032502,-8.8010593000530406,-0.00030436560570136403,0.10313892705199007,-0.99466691363900428,-0.12215113776577421,-0.14530414793243412,-0.11877982317600498,-0.14406811238050238
0.988313922776626,-0.11355490436047178,67.87593153753366,-0.85751612211851469,0.03603830453893786,11.906061789337514,0.93587763032023186,-0.077020832505899472,-11.026908089841754,-1.154742297532477,0.015997718526726823,13.919389426147049,0.023835779878946289,0.1389880896867389,-0.99000715478363766,-0.12059431374609247,-0.15272704993331856,-0.11788076779436527,-0.14605178963842666
1.0245856991882321,0.12748237206006546,13.371353535150377,-0.96380500380133916,-0.17017902874943594,-62.169107573985684,0.89165959618800128,0.10527454501778533,0.28673654388992986,-1.1909037377491942,0.17259171780356758,-67.754131348300774,0.090945624499411473,-0.23415532454365112,-0.96793603991806676,-0.16599097939377142,-0.10431212184394165,-0.14882597231490696,-0.10296470588965866
0.91442173563803419,-0.12457879660932969,-51.368726641844773,-0.91458926102688398,-0.14397556950171053,-82.851029939449575,0.95563851063782035,-0.11595014265311679,-40.581907148419006,-1.0792525277069391,-0.046107706081948946,-66.169130113549187,0.04650492877305161,0.057732039334406661,-0.99724836587186449,-0.13210360375718067,-0.13961400629345966,-0.12546938209498129,-0.1346840562742542
0.90183769483303289,-0.049309613722530621,6.7675463734441195,-1.0340862568294875,0.14573423057352691,-95.159725748170246,0.98689870569375704,-0.13735296693653912,18.695301413819209,-1.0703291510625943,-0.09362356999273197,-82.448729897517239,-0.0020992288939142849,-0.089315247181199972,-0.99600119470762294,-0.14545227907272917,-0.12419813007918397,-0.14633565205987303,-0.12116759119838097
1.0344890786984091,0.049969571068386814,-35.740206647651121,-0.90057981240622886,0.12775229281948941,-52.079015778911895,0.96334625081558378,0.043689701321027785,-29.858615511204434,-1.069933027161349,-0.048138335663696991,-32.542671417674214,-0.079807801154813909,0.0046019907009744836,-0.99679964714902547,-0.12423260974164677,-0.13064669402225829,-0.13705535961912169,-0.13666635411386652
1.1646694107145068,0.17315341999675099,-81.751752131806811,-1.0192661736621393,0.14448665446406922,9.0061794360547225,1.1372862353432529,0.052706158810219006,-66.870605679830717,-1.1288362409731252,0.102208588884178,55.848282053879473,0.096558715207642559,-0.14868417519587182,-0.98415925061128828,-0.15497864216642115,-0.12559832844352789,-0.14153131450117856,-0.11141827958175807
0.8048415574267499,0.11648352119935307,-80.660771801253262,-1.1903212624957806,0.15004389146306746,16.96214744779499,1.0272268994842393,0.12308539081715458,-39.108996867865912,-1.0650137158263833,0.16040619941164808,19.560612290405004,0.051347477401917981,0.024639081519703839,-0.99837685881951654,-0.1295219630349802,-0.14105065941832634,-0.12407888942877555,-0.13545795844021452
1.0714743458149745,-0.0090651980804764831,-82.40464819406796,-1.0008201069090632,-0.0051048833025550411,-82.841770656421915,1.197751216885246,-0.19668848480936196,70.913620165551976,-0.87196464420256414,-0.15388735421356672,-99.760917726952769,-0.17643169772080422,-0.061166897565881749,-0.98241053876753559,-0.12379238603393128,-0.11015053399538592,-0.14679277170609706,-0.13635110428904679
1.1668935950725039,-0.048975179158104426,-51.893669209259173,-1.0854087350147548,0.1684595088894727,-23.282959537025121,0.83183219586045332,0.016206430706358355,52.451201302693562,-1.0909622406925379,-0.073747122619046923,68.677541577448949,0.0071267101969025286,0.021561242020651988,-0.99974212817320862,-0.12923098333737151,-0.13891884108461505,-0.12893423824291395,-0.13238153231550132
1.1844205285922831,-0.068439657816037114,-2.7804220156288864,-0.9596030049881249,0.080706284864903666,-66.082492298724134,0.91085733533498914,0.04435097745180655,-7.9658661005374682,-1.051117619280157,-0.14266198276128994,28.857258022189626,0.028969302877413079,0.07049559383713469,-0.99709134523389897,-0.12587135634974311,-0.14621685737362422,-0.12214165477089295,-0.13507796326689453
1.0413646741417844,0.19596778957726013,-66.325695904229491,-1.1514134243523881,0.11457181004320999,-83.875264018075853,1.1732315621295464,0.07110830994278261,-12.613292797426666,-0.85162359835789525,-0.058247359739326682,55.925354349217514,-0.10262318813406783,0.070462213032074908,-0.99222152657147189,-0.11202721431493359,-0.13160587054694819,-0.12774399090941441,-0.14723234964908968
1.1509821292963032,0.045956948852404811,-75.500425089197094,-0.81396828886399275,-0.13877176739261643,51.940964209425658,1.1593868134997876,-0.11915534809411206,-88.190336705603841,-1.0916452579205949,-0.03594156702448012,46.144666091127903,-0.024465437405299953,-0.029688596446596209,-0.99925974081496882,-0.13156436236201627,-0.12398409105110192,-0.13775759309172167,-0.12973796943314511
0.80888889711600664,0.014297913150032315,-45.362019644063011,-1.0102167294844435,-0.19911570771125464,-30.08272045632701,1.1254093768976758,0.068350518392574722,79.526868128895188,-1.1711505194768477,0.041941791807499962,-34.782747411932078,-0.067224474006598062,0.019578277335845416,-0.99754576895052638,-0.12487015175153744,-0.12621571968382753,-0.13233663206103671,-0.13709816280084566
1.1525912200235382,0.15657602419270655,-27.704794292418129,-1.0401287400795565,0.13997624576314055,28.84057104609505,0.87915355440128451,0.021175750241131525,23.887714609613425,-0.92949425047776435,-0.17195968473877199,18.215927624006213,0.011806796958647513,0.059768227561851239,-0.99814245402131452,-0.12272194804857815,-0.14417315126220551,-0.12496564005692433,-0.13471751840045174
0.88723288805388567,0.062910184333668628,55.605728268182503,-0.93614599471380278,0.16969627855860331,16.831003120260576,1.1534791175101611,-0.06855349696324306,-20.013438694961636,-0.86372022456522779,-0.18908445753012129,2.3089962443369387,0.12914624047752957,0.14488966558291214,-0.98098329923490124,-0.1219690271592108,-0.16370065240762446,-0.10880288692301486,-0.13141636585251187
0.85599295738128489,0.075419976588116278,83.906621948992409,-0.83390917840126055,0.13623087846190723,51.50808093767796,1.136439517300007,-0.092873047566184447,-56.093357453717886,-1.1709096652030042,-0.0345837310582226,39.54817069156843,-0.0086764726327471682,0.035951189477532161,-0.99931588138976546,-0.12615674942799115,-0.14043803970216578,-0.12899208118574743,-0.13467924350606827
1.0608165202841979,0.025181474791772823,33.358920565886592,-1.1081728883893471,0.13238612412797679,-50.906070266183299,0.9520529161247584,0.058381845405812371,-30.665092524912538,-1.1388426491736994,0.065301258705203424,45.143533474245089,-0.053296731987179706,-0.052243193220039785,-0.99721116475983174,-0.13383942691429834,-0.12223383437468903,-0.14124498343502609,-0.12948175909114887
0.85276131165032776,0.055815729852706775,51.924908319048626,-1.0864177415240668,-0.13517858341295277,40.729328280594814,1.1224868687026293,-0.088710650610143438,19.266735674423074,-1.1822175779049864,0.15203122846114087,92.8223544639051,0.087048857135364754,-0.049519248640422835,-0.9949725325281672,-0.14224315789838382,-0.13094002245185038,-0.13384695867577079,-0.12253920226896253
1.0661470569156779,0.054372325181637371,-2.1408077242035262,-0.88931397982598503,-0.054182642344288573,16.079927984103264,0.93078700685517968,0.036571279616686381,39.512251298017077,-0.93132601879052246,-0.15943138495981921,36.684022142629686,0.050987124983077149,-0.066065003761870661,-0.99651178034376697,-0.14361115317223583,-0.12730493781639338,-0.13550416374594895,-0.11813619131251085
0.95515426217288346,-0.077901599719069431,-67.034225946576981,-1.0890996278137117,0.0043860085433879425,-84.165751990176645,0.95711100895174173,-0.064301284510354773,73.020136408939436,-1.1171825054852482,0.1498495953935523,12.269199238257471,-0.084257613760277281,-0.11337832027495467,-0.9899727324603711,-0.1421535046338902,-0.11115179444979634,-0.15329618149335048,-0.12650280582357235
0.91800453121834868,-0.11264375850552621,-99.943041885209254,-0.96200809023332734,0.030078144923950667,19.728860249100322,0.96277011224876541,0.10062059006031471,37.133203245157944,-1.1211250263803565,0.028124566628569964,-91.601348967132878,0.0018281188993757088,-0.011733806966991943,-0.9999294853915206,-0.13761147229890594,-0.13191084890092583,-0.13198144453921126,-0.1302341058220183
0.89019243834365058,0.13391522027293978,-9.0848529573168264,-0.93377946392340383,0.07026469862021939,-64.609502235333622,0.82214513434255676,0.0012359988517086362,74.084315878853232,-0.93883322438772598,-0.022833563251112826,-6.0832808665894618,0.0038504491398859263,-0.088675650456822186,-0.99605311256854201,-0.14018458433752792,-0.12412400911265878,-0.14232442905242101,-0.12273161488057804
0.86956634036989167,0.067293892898753482,44.959349340632627,-1.0257293614788772,-0.07787662960144158,-55.757910225873644,1.0477476646473636,0.17722287528899822,-16.143665230370004,-0.89433310007925415,0.13843646169603402,-55.467765691134474,0.041982440148619037,-0.087772074056006053,-0.99525551379285238,-0.14455858714967801,-0.12411100705931959,-0.13537134015965041,-0.12273457392137999
1.1030954142867018,0.092333320459635937,-5.5087355902131492,-1.0069311911549426,-0.0232400588004395,80.866777135838419,1.0160629485222983,0.10734424250769115,7.9117686988934253,-1.0261908918885041,-0.18884621824047945,59.129856640552447,0.019975703307189271,-0.071582958663004209,-0.9972346019400018,-0.14071290240556161,-0.12552195346834397,-0.13677840211470657,-0.11970884987627607
0.85053220600401391,-0.069771082684981972,98.219024953839096,-1.0437127573721992,-0.082563062261577447,33.878041998378364,1.1264257749487494,-0.02502794419335358,-71.976440342232337,-0.99901051578932809,0.030827976442478089,-1.9491445442931195,0.038140076879296804,-0.010390925139051637,-0.99921837613726661,-0.13849666903906771,-0.13285715036327203,-0.13069214069722379,-0.12923577706712344
1.1920868297941296,0.11926166250049147,65.014133171021172,-0.81932924660711404,0.06443685100255736,-24.172522892202437,0.90051312316671328,0.10948743135960998,-80.506129303179677,-0.93372128025648393,0.11197206228501755,82.222650479630374,-0.022980055522520144,-0.081986904203907321,-0.99636843817296883,-0.13683441208762623,-0.12242210889914776,-0.14096375949546008,-0.12782141554498697
0.85576025258862154,0.1924207923235175,-69.597218626493927,-1.1553476153145172,-0.097456047426599079,30.871006341833464,1.1188754401293812,0.031147156556479816,-89.193203878229269,-1.1969089167309668,-0.0020616215832237328,-58.192764542075736,-0.071990540172066131,0.045196182628881997,-0.99638078423939447,-0.11800763994471861,-0.12824548139272107,-0.13053417457790015,-0.13913846115417555
1.1836112115815858,-0.02033438983754432,-4.4363871978137865,-0.89133537722359923,-0.14667883828867512,66.280623576272745,0.93019980371883237,0.1152236428830799,69.432552978697316,-0.93492546226911277,-0.065508163974455774,99.633373914915921,0.0099972265667177904,0.075192932194721743,-0.99711888880360389,-0.12295606739517544,-0.13885208530815218,-0.12160288948614348,-0.13905246402547466
0.95461142781276931,0.13734632476934688,-66.5532604743062,-1.023884127129264,0.16604759480978359,-28.206873031332975,0.92966133746812418,0.083376173170850165,11.293700781037728,-0.8421170898646877,-0.047610355212078875,-7.9326057544575406,-0.067127366688098225,0.13544243923939009,-0.98850860506846661,-0.1082833769152851,-0.14631668264857095,-0.12128777709860236,-0.15245425236570745
1.1492641678370146,0.081730124635803925,95.448498826785197,-0.89543538066198936,0.15585520353243842,-42.960274074065595,1.1970536017731983,-0.10823715783285333,72.560789202333353,-0.92411160983246887,0.01426712453644266,-48.173817147942508,0.026035938953499538,-0.16985284955717658,-0.98512544347413777,-0.15378584843575022,-0.11799767372810954,-0.14920646009450914,-0.1127130963864314
0.89205408747385473,0.11985173571280261,8.9270052985554855,-0.91959717934555629,-0.07288092563863699,-5.2122998510577787,1.0687761066051846,0.0055646689482919398,98.631776006279011,-0.87416685541441552,-0.17263607324830971,-38.392279514649545,-0.17170965917749936,0.013762316780067903,-0.9850514664635508,-0.11583067839338372,-0.11934906874692366,-0.14030883587125473,-0.14388192745845121
1.1545889460800147,0.16168272700771247,14.855116780026933,-0.81958453777575313,0.16862877673095877,68.36774311259569,1.0174186815617301,-0.11256097538157173,-31.088317902679847,-0.99293202730495056,0.040330922347048187,-35.561547825495637,0.10486900063001164,-0.10866959521676108,-0.98853093617867527,-0.15051774151546099,-0.12992449568027553,-0.14026668861567526,-0.11420864951777095
0.99128495917152704,-0.0025853588253546556,-35.162275551304248,-1.1933951042517661,0.08725821673571732,-1.5028069472073753,1.0965217875245803,-0.024960943357969667,-46.30334202555175,-0.8359330804901639,-0.091590959352563991,83.046633380009268,-0.22027462128945141,0.055283668187651451,-0.9738700155808816,-0.10689153551255602,-0.11474695156001145,-0.13793856261215606,-0.1530447075588873
1.1636233856326998,0.11339119102863682,24.922392289300333,-1.1431893343089325,-0.1637414305457271,84.118206375898325,0.99121966461636069,-0.11633964986070558,-42.282745528987142,-0.80782541768603033,0.045052909541767328,-49.841743001455939,0.085994627930584419,-0.0002587903145718356,-0.99629556708571865,-0.13677444675108602,-0.13606397431699574,-0.12965730371604417,-0.12568921433611363
0.84057975064944224,0.16427317857403761,9.2980804718806951,-0.88784803324888317,-0.16768140733756121,-39.924110945860349,0.80481748476945814,0.12096084798425533,16.247604792761777,-1.090664699313348,0.11558137158329856,31.04883493577438,-0.035915127592427307,-0.022196624614905024,-0.9991083091766001,-0.12911016444591,-0.12413640500290325,-0.13475908433817607,-0.1336543044981065
1.191819379839447,0.061653399616362847,-78.222504928159651,-1.0564711247900727,0.118999278731244,45.164503834357902,0.94609497498356765,-0.011076236898944269,-26.774932973075323,-1.0650847216345884,0.093620271857165593,51.438988720406883,-0.016426845930185674,-0.052131718373947512,-0.99850510397902581,-0.13437509586560126,-0.12648723759427419,-0.14050654758414316,-0.12897506839347789
0.9525565928902836,0.031938867812181609,-38.992829266885096,-0.81006034076707012,0.1682337306747303,-98.235017972087803,1.0740495209608447,0.1913897102072491,95.440591827121068,-1.0524394528887902,-0.10223791954517165,48.718273036032343,-0.041199178877184127,0.081658559729493665,-0.99580846917605126,-0.11955264832746387,-0.14419789921186793,-0.12263223620106639,-0.14246743556861877
1.086824600023776,-0.070109488242814377,26.447788814561108,-0.9832621610938227,0.02520312405000541,-43.061990438663678,0.97614281459125785,0.12630492765748041,-30.73307867151631,-0.98089352683801267,0.016346147441837905,38.898613754532732,0.14297180396343223,0.047710069176243097,-0.98857615415841393,-0.13904322451997683,-0.15003716615263868,-0.11366913148892088,-0.12776020999882307
0.87704308120884744,-0.067690209864691736,53.712658430375484,-0.92405125764127294,-0.05424912930500933,-57.707774164083283,1.0690332256846216,-0.15836823395132874,94.099361314282191,-0.87687736807650341,-0.18110549725005304,-66.408944465950825,0.11973957859636798,-0.045644433930801101,-0.9917555237903648,-0.14851464271804432,-0.13446710049299304,-0.13320564390388509,-0.11285915186327472
1.0729341009078328,0.039049761697396962,-22.36882633055626,-0.81718642341126801,0.070734907702848515,90.235403460943616,0.99085721851519781,-0.0030481205415073265,30.547500572041315,-1.0827076526048403,-0.16352358499105699,22.292596597721399,-0.13098120658973833,0.0015400067939782347,-0.99138365525127092,-0.11932758708792189,-0.12503518874487191,-0.14085385719689636,-0.13783179792443545
0.80774127332787315,0.15792770055314448,59.428735058584579,-0.96781357224229181,-0.070597863895766111,-25.063977601784359,1.0070164399060524,-0.1011268624957824,87.258165692128415,-0.90701837303601296,0.19223575545489258,-16.154668787712851,-0.2458937155335236,-0.18663989945193221,-0.95115815119973135,-0.13454566990275649,-0.087325136460529362,-0.16886583145858899,-0.13266473341197935
0.82425380029775497,-0.053265035741622752,-45.086924802943386,-0.98240226983950518,-0.11151052095720258,72.650553998660769,1.1954695824035413,-0.035479224081662736,-77.04753889638458,-0.99253322869192195,0.1706171779677304,18.356631764057354,-0.10839577017073386,-0.035010521901676264,-0.99349112747183876,-0.13068767823164101,-0.11800456672915557,-0.1400853846659528,-0.13927807044688206
0.89476359884855949,0.06492617730495609,-85.592910020643998,-0.82576642047062643,0.040902016881671555,63.455072791424669,1.0390774515170593,-0.011833564384611833,58.938794570135968,-0.86170368085520033,-0.046670601941281198,9.8415498754119426,-0.021506855474418309,0.082857284260496197,-0.99632932588204881,-0.1201501533650544,-0.14273363924545873,-0.1253791084721573,-0.14269573943431738
0.86725819673742288,0.12715133251229327,-50.928201849804381,-1.0781303305070189,0.06199658139783143,-53.008799426439609,1.0813466996579231,0.13825695960741258,-55.511830817238696,-1.1878183978251644,0.10578960342054394,83.387587983298914,-0.13290422810901784,-0.06946055013972538,-0.98869191264267597,-0.12821263617601192,-0.11257419357778006,-0.14569643356818593,-0.13059038684553159
1.0871567782058422,0.054575711464355858,-5.6553386932053797,-1.0390320884088069,0.062152179851721723,-30.303082080888828,1.1924149120434138,0.12391021879817998,3.9708781934821218,-1.1274939583777237,-0.047813466629587464,-24.881273914513443,0.037999442979174458,0.012988945200081897,-0.99919333946732347,-0.13274643034141334,-0.13871786119006593,-0.12508028295328952,-0.12946726158713553
1.0041771314323968,0.1059162337486369,-68.7233435475421,-0.93450910277611021,-0.1209213625810845,-53.232918846045884,1.1553317894556681,0.038488689243071583,-75.229150138990008,-0.92725949115080764,0.00034044335489763489,88.702606926058905,0.033320021092169735,0.028870420854448939,-0.99902766477916138,-0.12998980550987618,-0.13609771687790059,-0.12537368853371694,-0.1335098549171406
0.94971217059246671,0.1921085244809142,27.831215572702988,-0.80710770110268082,0.073868601583461424,87.573479923460837,1.011365575679019,0.13322315863326956,91.561064115403354,-1.0532795328647517,0.11811559705350677,23.177146019725711,-0.019366213194982409,-0.056787869841985604,-0.99819842096914579,-0.13436334484178519,-0.12548596214656321,-0.13746087178131899,-0.12914038275819173
0.82554766492387732,-0.078935752473750578,-25.597219833886271,-0.9362738875516462,-0.12357619972561831,-27.470239939666328,0.80213719024238572,0.080886649303231251,10.476770549103236,-0.96925925709237204,0.1643082019158239,35.031439978871362,0.032590575227417047,0.074625372632990211,-0.99667893936098273,-0.12718688967246891,-0.14099555200231501,-0.11923137446830527,-0.14303665189462281
1.1779900098946485,0.072918185573340177,-1.4458862774415309,-1.0195849753061976,-0.087676060598668573,4.3825207859087243,1.1526012630023144,0.043175791640577582,74.16912016750868,-1.1180618120729566,0.012506077829229328,-29.567406357328707,-0.098130173711402688,0.081272073283106677,-0.99184944377240813,-0.11058180433807858,-0.1329824344573603,-0.12720840865855926,-0.14693618492972083
1.0401575512051711,0.065954594949607537,73.819588953225121,-0.86544796038514082,0.15641729943640614,-42.216126972654735,1.0798765311713145,0.021197593517150393,-22.934712596946454,-0.96401990469522902,0.19491792992830931,-81.563360815747757,-0.057839132786808439,-0.0045232074612745355,-0.99831566917119574,-0.12689346159097534,-0.13221541156060912,-0.13547265204524792,-0.14097148148265312
1.1731246083536255,-0.038745050355353999,78.62204795756972,-1.1718100528351036,-0.15522638227889793,3.7419933970637089,1.0151767761486388,-0.13781070702820145,19.495268134091731,-1.1352655364641624,-0.16828769199685342,-78.823739102740262,0.15354681387794336,0.068536638404505662,-0.98576168780498985,-0.13679365185568831,-0.14918651428011961,-0.11681801586045057,-0.12524820023418756
1.1358843941781329,0.17975946971412554,97.649545411769509,-1.0295678719598498,0.16917728838975016,-44.718741484528813,1.1801556410495684,0.12974633171313898,-77.7861984527689,-1.0295453123875653,0.18004889662098383,0.71281359666805599,0.086338335035955269,-0.059564478572623362,-0.99448366743531336,-0.14272771929045108,-0.13609398783227389,-0.12941615736407583,-0.12412061359399941
1.0087836565843811,-0.11331844984365153,98.370230396007457,-0.94213870302946467,-0.081781735178718409,72.365665374174881,0.92824479938436988,-0.058351634138742087,-84.891156116450261,-0.94094304431491027,-0.037378484402622009,39.109997292055453,0.05629116242153108,0.019277267089090142,-0.99822827650132651,-0.13752385334416325,-0.13733206842827467,-0.12760625992205721,-0.12936936665908672
1.0838902249943352,0.12115676310048429,34.397761543666888,-0.82849806730213094,0.031333241979170756,-32.97015434221467,1.0070721328465546,0.071462772415370579,90.095540881570599,-0.88433279845505663,-0.057116534806894548,-6.7950984124798737,0.047123723031112189,-0.026204991046928278,-0.99854526846403791,-0.13694077674661212,-0.13256350734740627,-0.13046348815070205,-0.12481000938696755
1.1876951689911037,0.038670211356121642,7.3572597428110242,-0.96879111232713178,-0.014585942049420902,2.2854737904801823,1.0154515592926256,-0.13790474912523365,9.3069890028849187,-1.1429661205177686,0.19032128543871157,35.831053197537727,0.014947447831913183,0.047801471553937713,-0.9987450090591643,-0.12571080616508359,-0.1396706813680503,-0.12920336316545544,-0.1392617690047866
1.0587540979323444,0.035351757501972975,-54.323294525783197,-0.98789218991149963,-0.084387830578955256,-43.085926407533904,0.90554708669727835,-0.010864291578435381,-12.822386564111028,-1.1678064877552836,-0.067749703855754045,-95.451515549678206,0.10636339426897459,-0.12715572926965024,-0.98616339866854019,-0.15627992258093382,-0.12345838597501575,-0.13914379358006931,-0.10932139101730831
1.1345996925868707,0.16667649845316679,44.133598752040427,-0.90222415365544406,-0.085301998037630708,-86.199055731265005,0.906311720097146,-0.018541972729239575,90.815436810299303,-1.1209459695028745,-0.15925316615414364,-8.5541147427783244,0.060359570435340612,-0.095937834268471689,-0.99355556171395687,-0.14526283381358804,-0.12360445467624989,-0.13976345938464294,-0.11438082032561879
0.83449443402986945,0.0064441501412123292,-28.484377511142171,-1.0699700990814613,0.11370152426327279,65.72204002800953,1.1519346002776618,-0.17894961641077523,-87.153763856846922,-0.91943844685620146,-0.098520505562098307,-65.174521619888765,-0.011952037947909208,-0.0079006574074929198,-0.99989735893311626,-0.13200245838397037,-0.13251052539641972,-0.13578363829507589,-0.13097480778128015
0.99263175458767183,-0.067903679259135846,-94.395013113708416,-0.87119474753322412,-0.082521761773129268,91.310550528019348,0.81759609279649403,-0.021317956258252668,-9.312126708874473,-1.1496550340504601,0.077469257748340292,-9.668361102894238,-0.010031019722692394,-0.029419303554543204,-0.99951682488174687,-0.13741659444277862,-0.12679775939644947,-0.13708684799119528,-0.12925938922402902
1.1297491663944188,-0.1699394677727975,-2.1378667461644056,-1.1042311467213841,-0.18764899138321769,77.686749326631343,1.1012028883434852,-0.15847746136285573,-20.891674857395827,-1.0531529791378487,-0.12062789754014767,21.01563234500685,-0.060689273886120262,-0.12278101744134941,-0.99057641491771975,-0.14319398720692897,-0.1082466511068107,-0.15158954636877076,-0.1207130414143603
1.0169368350537793,-0.064132083736915618,69.000596800807244,-0.96982786431325296,-0.08749423264480477,43.121582738739789,1.0264145211043698,0.11915360539900138,-99.639918551487526,-1.0584418603827563,-0.01485196600094571,76.368251439743517,0.0087631265789456687,-0.0074456742367603607,-0.99993388258810467,-0.13578332774144197,-0.13096019809429185,-0.13066092606908938,-0.13045301454364422
0.94021929747419875,0.13577042397009675,3.4616200130034258,-1.1223317635998775,0.053356518525767116,39.680079932821513,0.82199812769522873,-0.15641576350170219,-78.113884098684224,-0.85534103005941264,-0.19961577929796825,3.4519635498211869,0.1015378479417466,0.064076084972456426,-0.99276599497059803,-0.12927862917853261,-0.14975638479446129,-0.12085572038784469,-0.1256647553077917
0.85768906349630814,-0.15288786057171114,-53.050084676083607,-1.0939249091026448,0.096080402317217595,-54.452140295196763,1.0834785228981367,-0.11316844675252154,23.709797980634789,-0.9190642659928967,0.14742519399629966,4.5405836943736659,0.115153155545495,0.044219438472911599,-0.99236303439268392,-0.1392042812978925,-0.14956228573806093,-0.12169097261037397,-0.13305120925912017
0.91495310374132777,0.045436735703149406,-41.10074017054086,-0.8258348402451442,0.18147635182811661,41.43985508964434,1.0936686744644746,-0.055795643918899185,-36.759240463357216,-1.0673162199696369,0.064904984361664475,79.181083067556273,0.051344044146645409,-0.03608309910721904,-0.99802895703956696,-0.13939127094050396,-0.13677239583086401,-0.13413479098738401,-0.12574542511826539
1.1606505164414611,0.039866743025363638,64.575692185367984,-0.96985805085678201,0.054534441436706771,-82.810968184887543,1.1570946697062712,-0.07818516551986697,48.298277252723807,-1.1418203081411509,0.082489948105522293,-29.385579889950336,0.016598543521230559,-0.0052171422035850587,-0.999848623432668,-0.13221910288534444,-0.13469366410702246,-0.13199666197156232,-0.13110482744800761
0.84801607809291513,0.17038857945853098,-26.59544571797224,-0.99915931555393123,0.12164771322863294,-76.851990303390849,1.0369922067284925,-0.14999393249095494,30.297253751078046,-0.98314989048904367,-0.12059397156358545,-92.546508086199282,-0.078874132101216465,0.096989569755391719,-0.99215517669563347,-0.11140064878182425,-0.1407852470807161,-0.1294833252938373,-0.14693445411942058
1.0800608260623943,0.16061314910549879,84.937784639743285,-0.84653753118245723,0.024672273851791576,1.0972089579118318,0.96107615060620866,0.16179684831808172,-42.657888939660872,-1.0483353456686091,-0.082291848258557954,22.554258549305132,0.15284682197630262,-0.045583743242166935,-0.98719804059964411,-0.14638505969630705,-0.13676260961658185,-0.1217142207839806,-0.1147847606653549
0.83010022621503721,0.029085910672298043,-46.311916437040715,-0.87288753073022729,0.14427473529335261,-91.372462227166665,0.9426510307857574,0.16640997881329467,27.678172896656548,-0.8255646366647631,-0.0023790736991411432,-8.2979874605302513,0.075157614148150614,-0.1549384456121766,-0.98506112049295713,-0.15576366103065059,-0.12266123458599876,-0.14017396425899195,-0.10880655314764394
1.1006762354705035,0.085025275443922577,37.441617421333007,-0.84395610398493681,0.14991730541101989,-74.758495000506514,1.1780407352807347,-0.12816535942106838,-95.368028724238997,-1.004228949166114,0.11955800561525504,-31.397939439958236,0.091029129270321432,-0.036100117273750516,-0.99519368926712393,-0.14191774915984659,-0.13848306769083479,-0.13206236060765464,-0.12495086261230728
0.92338096429034433,0.009733351629286513,49.887624024480061,-0.94076396668405393,-0.18469820163964368,-98.468362893786178,0.81679328228065073,0.18609399976715707,-72.269616699085674,-0.94341118278488323,-0.13799676403686814,-43.739403012939881,-0.013474974138826286,-0.042348166379608462,-0.99901204090653617,-0.13694020552515887,-0.12309469590064176,-0.13366370157389845,-0.12666569728363067
1.0018383472230339,0.016300696138241644,23.842741448621723,-0.92681568304702167,-0.031580054484634162,-70.949274489192064,0.87664544902807462,0.19633597103418265,-71.499525747979618,-1.1022698301396705,-0.18872183031155615,-71.246916190105551,-0.0013876235897838294,-0.044438968687159755,-0.99901113735673375,-0.13784301067253821,-0.12693179118154152,-0.13334005148625783,-0.12411161749045277
0.84611228000963679,-0.0089854668942767613,-5.0374762407347333,-0.91697447514953967,-0.071445580911685846,-98.985497980802378,1.1346891227812881,0.19758961865885333,-33.111842123243164,-1.1341450528882093,-0.12364786555444698,8.2027188851923256,-0.15992500725690917,0.064451056460137962,-0.98502286946803919,-0.11333981225067072,-0.12679486911226995,-0.13065835797901501,-0.14583907886011452
0.93499693376554727,0.056942495987368558,88.250297802505088,-1.102465906294628,0.069109153239602983,14.603947372827704,1.058010814499303,-0.094945001837894394,43.036588323540371,-0.81216200581307985,-0.12885495514071515,-64.818768358675641,0.0080868317040308415,-0.1370197193061011,-0.99053530965547509,-0.14954861585671586,-0.11767190074091509,-0.14924577040220233,-0.1128356429346421
1.1812777488495378,-0.12976711743282787,70.48488755155978,-1.1797009682723936,-0.14796300656426228,-16.580510408382892,1.1914978779483516,-0.043187600151474326,57.711444772965763,-1.0960439667351645,-0.032230599426395973,10.480501324918805,0.069009122652510316,0.060913043115954912,-0.99575465962710141,-0.13136034545111816,-0.14150971723490727,-0.12051344148364231,-0.13378126929652773
0.9488182836308835,0.038240135073846687,-95.999163649302787,-0.94441102173777935,-0.13608017738837869,-65.597849180925834,1.1444284912366434,0.05880503189345071,36.44207718442189,-1.0994910060461371,-0.18342887559450555,-15.075971328251072,-0.10927682524835095,-0.090980495351355467,-0.98983893888312113,-0.13505383540837146,-0.11084535304582871,-0.14711314892606489,-0.12564771725684756
1.1028152483799127,-0.095002028537701039,40.700249024630239,-0.92776921741968554,0.10597904392106022,25.567989595094559,1.0161429853986317,0.16722906943283888,-75.346223427660149,-1.1816964395075393,-0.10996555974292646,11.847109171367464,-0.026746151001840381,0.14377496931841194,-0.98924890781040353,-0.1141524473667945,-0.15107303699828117,-0.11493396572423153,-0.14741026057165146
0.83468462770877416,0.10459142761647611,93.645739747186013,-0.82666072682728975,-0.052867138751687526,-2.6163842019968087,1.1757761918712237,0.00070174517977550366,85.855851231240564,-0.81553140985412642,0.0072505245869665669,54.164709670830035,0.019963781841192043,0.013190188746827303,-0.99971369218162687,-0.12977575442123182,-0.13367301299100109,-0.12783255308135977,-0.13196349845212629
1.047285008425342,0.051914721738689162,-26.141533809541954,-0.89722425965689823,-0.054254287095859915,23.912526031451378,0.84516619534597381,-0.088035224947268773,88.738609533409999,-0.80616022394339548,0.091417336982682229,-30.604388647322423,-0.14137706760641836,0.070912794530771053,-0.9874127304865209,-0.11079506652739327,-0.12973523028080775,-0.13731844080311029,-0.154117619331332
0.93901356273274683,0.01797509377577805,82.047463994989812,-0.97757106665412274,-0.11092233523540967,15.890967382417287,1.0596669321589252,0.10078853791034514,-68.921466625347165,-1.032032681305072,0.1424164266578537,18.6825420973082,0.077522326751235715,-0.034325108507824421,-0.99639955629305699,-0.14206507815593436,-0.13230706453172425,-0.12855453496462346,-0.12668979819539142
1.068424186429082,-0.035720066282834168,83.664668683497439,-1.0313072473908143,-0.11722614825080693,39.813930410263936,1.1362269959579911,0.19578510835071977,-25.37631898541197,-1.0350590541644851,0.18749401889376133,-39.636953954920259,-0.028269935614400544,-0.067078367774048589,-0.99734713280638998,-0.13916304330517265,-0.12028227288986018,-0.13726656578188931,-0.13049742821368332
1.0397541860664092,-0.16665378525351604,67.089824000672451,-1.1685430911068413,0.042101275011345946,50.447676096695659,1.1446112096773802,-0.030409687068052749,92.27429135722528,-1.1261570422306613,0.039453010098661284,57.504158611464931,-0.049504248598126209,-0.079770092451633176,-0.99558327714008577,-0.14142546695052277,-0.11728658359768085,-0.14387125591866695,-0.12648216423528388
1.163191398703582,0.17434075963655749,72.394511444116318,-1.0488865432992875,-0.1967977370844306,36.255415715049992,1.0699428045110306,-0.0058108577982717013,96.20920858661691,-1.146933036803448,0.19307477674629764,81.386125472434117,-0.091022865623984719,0.015239213818194873,-0.99573219506843369,-0.11832598639176312,-0.12344088593442126,-0.13592858475274061,-0.14056471498329914
0.93983443410361567,-0.12041270950178339,-91.652727083033383,-0.80092876837171822,0.074612009038880323,-73.316046225045397,1.0614886739497664,-0.068779721913335257,-16.309438697414464,-0.94400301198593595,-0.17093643032833758,14.155074007647499,-0.062848940925996341,0.086743704335008845,-0.9942462171830081,-0.11986315742691545,-0.1410954951757423,-0.12810069057396303,-0.14321249096148572
0.86614424633436493,0.14632904450663026,4.3234490766970168,-1.1918064376170356,0.18426353377088617,-20.231423266626351,0.80266204839560695,-0.11912048693182187,-9.2341972604993856,-1.1765881666225215,-0.18946716477196357,97.567212457392344,-0.037319218350134735,-0.07406925458475519,-0.99655457525766933,-0.13535645165348212,-0.12000852244701481,-0.14725252953818707,-0.12205965067422343
1.0250338937627883,-0.14153704266719599,54.330029969371395,-0.80323524999290874,-0.082907163168617626,13.823668139153128,0.86076701535037903,-0.0041795888922815938,91.93052137570686,-0.84196167360591501,-0.1982299048871998,-14.322955395485252,-0.082066026717530702,0.013713660596843475,-0.99653253974560818,-0.12664440763727766,-0.12631891234849157,-0.13735221568958375,-0.13648243953391564
0.85310238747841816,-0.051083117826563607,47.193367582166303,-1.1791005405915962,0.04197572628878396,77.049378073847549,1.0386509568194802,-0.077227965679247793,-48.171809916263555,-1.1977236048536524,-0.018500204533021286,97.301059202522225,0.029068564819662808,-0.094829799010021823,-0.99506900653122754,-0.14811158203840957,-0.12287267279807713,-0.14331593182818356,-0.11829975386937061
0.88398606432677307,0.075673648816887984,-89.947262579323478,-1.1822147140707577,0.10237246099738861,-75.763816215833018,0.85878686489060518,0.071629722964864195,0.70631656784330232,-1.1022246506125493,-0.035289989357521201,75.38040640413206,0.0064497705895599387,-0.077143261382860734,-0.99699915630985247,-0.14072210085065304,-0.12344105631025243,-0.1387927423153528,-0.12272066557681058
0.81103046528300593,0.16475422065615047,90.461203342617324,-0.86859079730688726,0.043040574992002811,44.637190540189096,1.1120416250057368,-0.0042692492400537019,54.98351169546828,-0.89389872001632675,-0.013730561749516174,4.3836406081455834,0.046765052553283663,0.020851844117781324,-0.99868825489067226,-0.12855434541088998,-0.13971048043770765,-0.12638872897617198,-0.13069559311638371
0.80628785220507793,-0.040333991244100392,71.799598330239093,-1.1856117760390874,-0.038976492110257277,-34.155139194470223,1.0899006067088444,-0.12604817051401965,74.95204444120111,-0.86490191988466458,-0.19442498523406271,-60.921607137795974,-0.034653007180104084,-0.0075731018528694067,-0.99937071060828164,-0.13188249997337226,-0.12555289856810867,-0.13741466760642726,-0.13048425351295104
0.92677574901265547,-0.1758409951945788,-63.882525611174181,-0.90061373656998434,0.01296017924926951,41.306083560815637,1.0353083842833397,-0.10928564826531334,-74.112033436094691,-1.0463147159507304,0.057548779796159466,-18.90853943278205,0.0093717124283518617,-0.043178652150345553,-0.99902341063892974,-0.14362502187551091,-0.12855062037904064,-0.1394873696454885,-0.12795709909509437
0.89961560900761084,0.062886458795134215,96.091414876911813,-0.86375221592429763,-0.03881954895581155,-57.181865904638073,0.97540152272548364,-0.13764829825726946,-69.497117727089886,-1.1585935827373639,0.074671510234022576,-89.635874995774898,-0.12894085069090119,-0.031048100106603436,-0.9911661175115285,-0.12505973667603346,-0.11873204396212848,-0.14783074763058809,-0.13479007458073594
1.1782951507571751,-0.067023663405673201,-44.451765055502058,-1.1747101377198603,0.047089875783022178,-89.730476228149541,0.957666608846371,0.14973642622357336,80.18179203625607,-0.87771106048617809,-0.12532863912644543,10.811158994454843,-0.062367196618538227,0.0030988493562076887,-0.99804846070649889,-0.12488724022431601,-0.12548703995059471,-0.13437180502304022,-0.13542943614941028
0.98022306098854783,0.16711148106950596,30.081836503700885,-0.84394528984626216,-0.15016570002667665,68.294315039953318,0.88689599807974129,-0.12803863115993375,14.009350049732831,-0.83049430666171276,-0.09063191906105468,51.493879651246715,0.056536850454637438,0.036121056445703605,-0.99774688865559313,-0.12937630550536586,-0.1367764015089,-0.12769060369174473,-0.12887901945942593
1.1451798151726458,-0.039033649999785702,-98.122224866003108,-0.81491581835854821,-0.17841272571234384,-61.62280238175655,0.9377985237491695,-0.13690791685282555,8.845046214618435,-1.0841386396854065,0.039989868571955661,-79.971276877798857,-0.074559495123786734,-0.037611661302171515,-0.99650702186235329,-0.12951094519336873,-0.11881106980687883,-0.14588378058488832,-0.13291549380017589
0.93709301755055352,0.12246287645808007,87.281899511252902,-0.84320821927086209,-0.11664107689562418,15.603410476540148,1.1539787790694451,0.079155673317685527,3.2128704870328875,-0.90602397969594561,-0.059032212289757663,-46.121757977784924,-0.12060273991216021,0.064863288175070546,-0.99057949351518348,-0.11353543385669995,-0.12877556586815125,-0.12963169167205058,-0.14778758914568946
0.85628888317907026,0.086171395056812317,79.482191441612429,-1.0947918828119494,-0.12815683976501868,-64.38251720983888,0.83414549877736976,0.078104449841932211,-36.568552618352342,-1.0533041525553937,-0.010596881254341717,-86.616052248605484,0.068095400983721549,-0.0012403303251595768,-0.99767804323115716,-0.13506284266494528,-0.13533397027128588,-0.12465374197434718,-0.12702903949744379
0.99303456829351533,0.10448516781760636,88.551442511588817,-0.86360333175612247,-0.13951853568680317,82.548923806558975,1.1602697041001722,0.12145874959575215,42.795763166017025,-1.1706395199470021,-0.1715707198492023,-56.356127671291389,-0.032359628330875967,0.087573217289857036,-0.99563235487191304,-0.11786912021062003,-0.13722420038155456,-0.12161376259068946,-0.14001533838699115
1.1652595184662984,0.14250996559330531,63.188807385464685,-1.1198957927631992,0.01318944483203266,99.777201275553125,0.90191505526642279,-0.072248655244501248,-18.970713426767148,-1.139703250926247,0.0091105574306328541,53.823553709804969,-0.16669290137745446,-0.025669440478580038,-0.98567467069813808,-0.11570942048042067,-0.11241534155218041,-0.14928851144883065,-0.13709048870722629
0.98838420269528637,0.10733129189687751,72.985808843460944,-0.99848283259577264,0.13846414429433124,-62.943983298602689,1.0852007486353894,0.1791814755191492,-15.133749517834019,-1.1524940402003918,-0.042736716649901668,-72.475653904984824,-0.080332245736892516,-0.040791386678057984,-0.9959331268050825,-0.12895851183418225,-0.12363575468497501,-0.13868560619516135,-0.13058665564611094
1.0053651133134474,-0.19537175580325539,21.274008499647962,-0.85620287148859542,-0.15579627779821448,86.157870835374354,0.97355032228665273,-0.018920017704775333,75.157307913019167,-0.9734480245190692,-0.12226960558205829,80.056493776557176,0.010300591326760965,-0.06908835775703237,-0.9975573650877203,-0.14651191968022043,-0.12134104531840967,-0.14073348103787528,-0.12225348921914295
0.9085770702804199,0.031293258876380625,24.183477530078363,-0.9883610177663803,0.11305088728944557,-60.675370596303146,1.1046313578982909,-0.02114005950139286,-69.714972506814604,-0.83537449126860763,-0.0042134300521944612,-79.548782973227674,-0.05362721952691555,0.078994297795443688,-0.9954315758712986,-0.11901296396697243,-0.14092107507172241,-0.12695733146361798,-0.14596319303108524
0.96012311114634963,-0.15016632604968838,-49.87170431786636,-1.0076328368584571,-0.14846755173809709,11.562008040013083,0.84062420029939466,0.10150954348361924,81.257143674673415,-0.98037829060136783,0.097279602269002952,-7.9098478357890798,-0.038330498983586578,0.012572456104267453,-0.99918602181734684,-0.13193365030112655,-0.12853567269163613,-0.13210997691594564,-0.13929087437281593
1.0581194224681691,-0.058997953853779983,19.878910596486918,-0.9276259823023586,0.1944088345962085,-41.715171153959197,0.82084314218632792,-0.066898332913522734,41.544560934266627,-1.0808903086799824,0.13350151474793964,68.700442577436434,0.030162054444506703,-0.018887647772584445,-0.99936655298909494,-0.138603902395879,-0.13809276084054828,-0.13398053082966424,-0.13085721643674691
1.0105265977646396,0.020635362505839971,-16.447212292733909,-1.0731070795924686,0.13033176155302367,-82.762791577940689,1.0388236634239265,-0.13116177315168956,-84.914010700034851,-1.1335296463640741,0.10423619749200863,-41.624968098852946,0.051578162338773804,-0.037656104724737779,-0.99795877216782591,-0.14086439921316993,-0.13458879340783445,-0.13655461009307274,-0.12572124109706614
0.84713009155446861,0.069084472820672982,66.460596247594935,-1.1082806212983791,0.13101924229696704,76.644822617168757,1.0295077496469003,0.12516220717478743,-18.320694305781601,-1.0354481032216982,0.13864236276659281,38.523315661384999,-0.073883922843688124,0.0096514305018368038,-0.9972201441178854,-0.12474850635190003,-0.12837657537911504,-0.13442252926846637,-0.14115605255666061
1.0068283023204756,-0.043968376784595836,-98.950141788666684,-1.0541854109766189,-0.062878305324520684,-50.380778225663761,1.0946860128195912,-0.035610476313530981,-65.455349988497446,-1.0308349042971623,0.057131791956595457,-64.604403504166839,-0.11482002096888411,0.0010756854465000401,-0.99338572854935114,-0.12343366821064526,-0.12125806286642216,-0.13870019790279392,-0.14079200677538409
1.1183476536387529,-0.14530796624479528,-84.622782129309343,-0.87647834655747126,-0.11352182751177589,-68.436317334687999,1.0878692822181577,0.1243084501212442,74.517929218481868,-0.87293445849024787,-0.047080551423359512,19.438261147567061,0.020499925282723701,-0.063170818677905041,-0.99779216309358043,-0.14424299167170371,-0.12410065234394571,-0.13507931926620628,-0.12327950691758012
1.1950715453372338,-0.14015822915544801,24.860470027956907,-1.1279286082171152,0.084414504660902057,-11.443702784880543,0.91827021744441661,0.025734213661097016,64.421403764449053,-1.0911483010376153,0.085296560753433059,-24.714142880232771,-0.063219323429186861,-0.0066612412449112294,-0.99797742710455772,-0.12670678207397335,-0.12595747668747156,-0.13744923995041025,-0.13638119498856865
0.84365159460536221,0.077203156379688165,27.816551250388329,-0.8331736745683318,0.11041011558512986,-24.155483149724219,1.0884842861191681,-0.13928912537152627,-11.231516202907386,-0.85565878879639468,-0.065512697445015311,76.51850865716915,0.018767484949505371,0.069622131423394656,-0.9973968820508381,-0.12375621073676364,-0.14576633878170173,-0.12534474515507255,-0.13697022575511045
1.0374900847123267,-0.12291923624199859,-96.003955772471116,-1.1686080141600992,-0.042396989347362801,15.00986979426817,0.81960056683110516,0.17074149382108955,-35.926207627922622,-1.1215311449838905,-0.098723046878710766,-43.333253735691748,-0.018028122627312269,-0.03020970016515924,-0.99938098881781101,-0.13758753704039683,-0.12493724411155489,-0.13317151473830149,-0.12802190638431687
1.0846503604117235,-0.019747655383865081,-25.62143219662822,-1.0660865341385506,0.0014497428454215144,-34.089260947419177,1.1187753360829813,-0.15236302664207987,7.8724075760275412,-0.96207239617988993,-0.17983865960690271,-24.637651487381618,-0.035486372323868594,-0.029579590591528385,-0.99893231262169568,-0.13302238157022025,-0.12559486360450142,-0.13983181519270768,-0.12889711228418679
0.92457935759532772,0.19800864101508325,67.712662086715937,-0.91850844477407168,0.0017591595164363483,-28.181042419405273,0.99466368827676832,0.16835780175764176,-1.1232707854043298,-1.1388310875056264,0.11400246417742615,-74.550570979776296,-0.036539507793435344,-0.0033572242167954651,-0.99932656995387226,-0.12670538073448265,-0.129377187847589,-0.13276508416900926,-0.13486615584678519
0.90530896820021012,0.0030073104633544234,26.638815827715362,-0.83437628913136708,0.0021870946710708383,-85.533853728486747,0.8251670146218707,0.067774679119054881,-69.502534642454464,-1.0086190880075014,0.079163940821536216,-90.750913747826601,0.076213166746767147,0.037206298589111647,-0.99639713195077351,-0.13349890826085689,-0.14186845378761884,-0.12000024065810239,-0.13368479268377303
0.93139621241983628,-0.031249453752454054,64.137307744052407,-1.0499148007972827,0.060346581827340262,-36.00927806418359,0.98169587494976818,0.040395387175988257,-60.286228212790483,-0.82776996115527468,0.11417887224993356,66.035697117976156,0.084302840159377973,0.055121599742907382,-0.99491438846910085,-0.1328949237168254,-0.1478379221865424,-0.11980378732437773,-0.13503387204573089
1.0054051038115599,-0.10630055542561397,-44.361990015606146,-0.95258988599665018,-0.1018907632961113,69.990725748324479,0.94356885243687871,-0.066069877035990654,-60.298943003211079,-1.1324510116612541,0.17954183120114681,-69.652181338960517,0.01400451603108767,-0.03788172008010867,-0.99918409155395749,-0.14131887885836283,-0.12749837146983037,-0.1380817973888025,-0.12957782810315596
1.1634642695055493,-0.19730192358320997,-37.869270477117013,-0.97643051709401885,0.15023476507692324,-35.48544948647627,1.0318841924750821,0.007904375440213357,-90.826257058195509,-1.1684573008090462,-0.15346911908468078,-44.183053075123048,0.074074247772160651,-0.0078845624509987482,-0.99722155988122552,-0.14257252206239296,-0.1415751038137717,-0.12765142544085589,-0.12316544503059026
1.1677978081968923,0.016093071577100743,-21.404334218025681,-0.90826514165594563,0.024495801974824871,-54.702766965273433,0.90005332318627873,-0.0082394248325396435,24.568003308934564,-0.80568189132684043,-0.12117135034148725,-83.602127433206192,-0.10940699092390355,-0.079740678163720394,-0.99079338642472126,-0.13018637436948535,-0.11557150698483923,-0.15051485771063308,-0.12986532680747445
0.99319814568774878,0.086356582338694532,-68.947537658971697,-0.81809967909374903,-0.16622163889959962,66.986259417695436,0.90741180126316046,-0.18730770516635237,96.728392969473276,-1.0559306551043945,-0.11700564485009474,19.267804984675067,0.014622925967692494,-0.0043424700908345345,-0.99988364972613364,-0.13274783063875309,-0.12878907838424936,-0.1374093071587664,-0.12893723180597222
0.87343632825717576,0.14436107875872878,44.28095960723644,-0.80551985453290897,0.13728517635998,-89.826762262515871,0.97287469326298281,0.056414243212772219,-9.5049560780757503,-0.84307970921171627,0.062440764296819384,-98.421371667606621,0.0034852932115958107,-0.07346525417726267,-0.99729168710056915,-0.13811310884485625,-0.12688540912017687,-0.1397171136315912,-0.12558266152495356
0.96351937737768822,-0.028498755018396771,1.5857212511219956,-1.0743832521500261,-0.14099467891584677,-65.55153702536272,1.154760071418848,0.11523146924011923,-81.268512219213392,-0.87798407154509572,-0.12657189236154456,85.292761191041649,0.1603415023012208,-0.040375819303651389,-0.98623546673973683,-0.15013033056989461,-0.13719078519937344,-0.12272009460939708,-0.11118245316162773
1.0145490927344476,0.050149023313790786,34.349053669369539,-0.87325543741153577,-0.10262863288424767,-0.87949710059041308,0.92473011700707619,0.0033255187581714141,84.632746011599949,-0.80285803082052698,-0.08270683001668791,-77.523954986402941,0.11109495897922178,0.058860079476464197,-0.99206522020148924,-0.13324101421897733,-0.1438831175170516,-0.11748526427269465,-0.12552413434979817
0.83899066449340876,0.045983408765381067,-17.778739708800956,-0.96851848786708761,-0.021859118930686566,38.013029005583178,0.82587779146849938,-0.07247289807007426,-83.70975679024248,-0.90743706165690941,0.071101954954903068,35.627359135994453,-0.05025258689301719,0.024763883788241584,-0.9984294805194216,-0.12508472083656083,-0.13126631193442218,-0.13540474554071491,-0.14140342641851597
0.82458544443714099,-0.091570297949106927,-39.730985355468398,-0.8795352980094937,0.16807767676234325,22.397130204653664,1.1838036136946486,-0.17003441433521355,-53.741303636179218,-1.0543696154551716,-0.036390087262812232,-23.316051630590167,-0.013952980889678558,0.068507720803978933,-0.99755300937571056,-0.12501048727446279,-0.14475278853881535,-0.12585629978393642,-0.14054471961560208
0.80444763457217383,-0.021996367126360411,-78.840862797244796,-1.0351410725531163,0.032494180139094719,-66.23508447099104,0.85672466009078263,0.027215776697760985,-7.4762009247197909,-1.0856064199816562,0.13068586206853905,85.21803803616973,-0.054188964607147332,0.024877167853098354,-0.99822075846699065,-0.12574475999623147,-0.13172358337548778,-0.13361240154367948,-0.14066530650683304
0.92028657446279538,0.072898293746292642,28.577173302078734,-1.0639893614605942,-0.10728087654135461,-75.121869958571182,1.0705952343118441,0.18481382884239611,-47.602876411688101,-1.0369351615155427,-0.11946028805601334,71.347962127681711,0.1546655717145386,0.044397052657375286,-0.98696882556722787,-0.13621692631392646,-0.14717959881717119,-0.11249713184345388,-0.12311341432219033
0.81119915727117631,0.060048480695411799,-83.275536544605799,-1.0034076145389845,0.11837517024275379,29.189161133719864,1.0911752620451485,-0.058828620544149557,-97.136076214467622,-0.91431592486492774,-0.055219684957772602,-53.229899143504575,0.018829477530361176,-0.017740983537247148,-0.99966529812686045,-0.13376433571536539,-0.13484331230164512,-0.13406967302949799,-0.12829440983375925
1.0468606829923186,0.024802830772250539,-14.861827955021312,-0.87227978991398647,0.15165277530160809,-67.036110780880122,0.88206761213650486,0.18581244667580082,-55.093195000133321,-0.89242215048274987,-0.095236967991970858,-66.90828367484886,0.055203725346179226,-0.047482784151482188,-0.99734544362378641,-0.14230148210271121,-0.13488502900883745,-0.12900375082491056,-0.12110287228026274
0.91158156031965043,-0.1506080827917439,92.48950199026504,-1.021783892022943,0.07353830037972664,-37.877611078049831,1.1148426453313585,-0.017600453663143029,79.696367481135411,-0.82455416949253268,-0.0064264940063845921,-28.104359725024565,-0.10203521437625515,-0.035600367269788713,-0.99414356552635186,-0.13307307370038751,-0.1204271146354189,-0.141814943584921,-0.13651631252198804
1.1664237692957127,0.12303143647020914,32.7706438271899,-0.99511667770467627,0.081352829520431824,-72.41812341417355,0.93338793043716983,-0.0069228838626901046,91.828012864269169,-1.1611209140079632,0.077760737083900022,56.711167872188383,-0.0019073558669798125,0.11256621539260761,-0.99364239500223706,-0.11526358944395582,-0.14868980617996735,-0.12119806662724684,-0.145283194569997
0.93470437918951477,-0.12267486827154089,25.103084846870246,-1.1328608742908071,0.19125386351140722,24.739205226466751,0.81711056117753178,-0.088097831511898053,-64.570955506101967,-1.1647027586468415,-0.034978180009015036,-45.682755767430059,0.090496742062625701,-0.05255360862240159,-0.99450915425490882,-0.14956350064727597,-0.13681756961229999,-0.13324965700419325,-0.11926780821974263
0.95448118695792772,0.14569239833734654,-6.1296724795238475,-0.83488488899616886,-0.17049807664855265,-48.166066097174486,1.1059884001054561,0.030511015354123872,28.311138126820566,-0.82643501036193157,-0.10815812484447114,2.1282922010638998,0.10803474503929851,0.0023486368417149402,-0.99414434453417244,-0.13711658320663017,-0.13502659028161337,-0.12361715503365857,-0.1202012438635866
1.0063597832569173,0.0054851367017415831,-98.767518549290358,-0.9204187267317977,0.089196579427497091,-67.156134724851739,0.83127236546412853,-0.059763483065819578,25.959614203752565,-0.86371312921540344,-0.10206528729456568,31.54856969479917,-0.049115896960114029,-0.01806835054952171,-0.9986296427476119,-0.13062099659519485,-0.12898493159310784,-0.14021338779036552,-0.13255127005428372
1.0236851871480488,0.033430815033261341,-78.933598585839945,-0.99029836483175671,0.11320001742862423,45.938406081946965,0.95540397952179423,0.17365502409322381,38.788990363400018,-0.95947650014917263,-0.12296465090964631,10.136415101588199,0.015749427789745283,0.13244180190990054,-0.99106565101972643,-0.11750544594398141,-0.15299566247224838,-0.11282408703595574,-0.14400113077305304
1.113176058279409,0.10295985667423679,8.7722719463743033,-1.1934790272503764,0.095804626066075427,49.31359903236546,1.1022230309673959,0.062276935118189602,68.102000513921467,-0.9442190866847654,-0.11915558255172054,-53.622595113073771,0.024623700071507132,-0.074184657985794808,-0.99694047460935153,-0.14112154354303255,-0.12519764756903753,-0.13766610459517162,-0.12052023036749715
0.98961777182401378,-0.077279627019889885,9.9454916699527303,-0.87258004836578906,0.017727397405556566,-83.925963952563535,0.85075841419195908,-0.028021278358962565,-34.007907726437779,-1.0241660069863834,-0.040938020145802584,-70.509360308766063,0.015846972999527507,-0.034477485921684668,-0.99927982888241684,-0.14044154233867179,-0.12987373171411093,-0.1360542692226879,-0.12711326775419154
0.95544321245205011,-0.16289205822508071,-49.218176953583793,-0.83393437878103094,-0.052216650870336973,-41.528214463254479,1.1727759994664575,-0.03058456222362374,7.7622717299966837,-1.1177159997553741,-0.071394545382664459,-31.632936763357549,-0.10110752326656663,-0.010892221235295343,-0.99481587655980941,-0.12972942535084217,-0.12289610004488635,-0.13739816491778015,-0.13520259634872506
1.1922260813044363,0.027692811252371552,87.836321116319681,-0.80590623652890114,0.069265741314687657,-3.9215160199439083,1.0794315977639808,-0.15177395094953208,-59.618540625508864,-1.0366374481437195,-0.054963814332968319,-3.495568067408982,0.096044828928721876,0.041271926915398459,-0.99452099972033903,-0.13383984320081171,-0.14549690864476625,-0.12448782217679967,-0.12873300236374907
0.90954521344495065,-0.15181284435929407,50.377543339389092,-0.90876693433155475,-0.073983236956629034,70.60639697607715,1.1156819664686071,0.13425656394251489,3.9888432161847049,-0.81863839816694606,0.10066470920578358,98.93596138250723,0.035708503253551509,-0.081774549233292651,-0.99601095671337014,-0.1496839710118042,-0.12409886123116923,-0.13601130417812268,-0.12243936579562746
0.95216542844337348,-0.013927889551184014,55.426386840944417,-1.1640763937718039,0.0060451672047716065,61.856628066834332,1.1191567467136967,0.058549478646081343,-18.715113985611424,-1.1466806258524795,-0.090276429265900543,66.258668002027775,-0.025419519119688257,-0.070870313024819109,-0.99716159511860869,-0.1404223708890488,-0.12028849966230104,-0.14036344922116833,-0.12381998516239709
0.8389640289799174,-0.086600108384259855,23.476897623065327,-1.1284439961888264,0.09306403504271582,-7.8687389683156113,1.1742884660682118,-0.032299864054806726,-74.902731583725867,-0.89337678412109844,-0.07624110275521008,74.7061444473336,-0.1973677265063363,0.01583898982632188,-0.98020156444223339,-0.11749945408275403,-0.1148872887661815,-0.13832035175695964,-0.1470443434890143
1.1047212997517604,0.13687977932635825,92.333945015565405,-1.1734565882872756,0.019350643229248149,8.4619792013965309,1.0532266508999863,-0.13565783875643805,-72.517518041428389,-1.0153584907541859,-0.079120206788547795,-39.565701774274764,0.10477021067067294,-0.032646417319729844,-0.99396046923014447,-0.14186593973247189,-0.13639602713525567,-0.13237496494457648,-0.11992070851741322
0.84241603656930308,0.1497689953296541,29.112332509937033,-1.0843435537127055,-0.083400628443306826,66.104330717933294,1.1664298711549652,0.030038549597925013,60.496394693131776,-0.83553623724971482,-0.016277877884181391,5.1527541513412416,0.017552468828858272,0.041112800159971145,-0.99900032457503141,-0.12527979077542054,-0.13664754377194427,-0.12501076729182065,-0.13504612936272853
