time_s,phase,front_r__front_l_m,front_r__back_r_m,front_r__back_l_m,front_l__back_r_m,front_l__back_l_m,back_r__back_l_m
0.0,initial,0.16815202222767747,0.05065325742849062,0.18841179198842517,0.18968267251191506,0.05087000343074392,0.14615289647137708
0.24999999999999933,initial_hold,0.1682877180650811,0.05077109421531028,0.18869564274427714,0.18996094626364934,0.050894602775988146,0.1463232517920121
0.49999999999999845,initial_hold,0.16861241896516302,0.050728533698919005,0.18888485545084657,0.19013983830878656,0.05086499407270204,0.1466612915611607
0.7499999999999976,initial_hold,0.16892539921918692,0.05069620540660986,0.1890654559910077,0.1903194112252441,0.050833106721269956,0.1469829212608436
0.9999999999999967,initial_hold,0.16921851276705885,0.050666433381069916,0.18923384524991765,0.1904869069287261,0.050804001601550866,0.1472831228961423
1.2499999999999958,initial_hold,0.16949300054831032,0.05063916394387681,0.1893910534527591,0.19064332803029596,0.05077736752738814,0.1475633244576752
1.499999999999995,initial_hold,0.16975000332626494,0.05061417503715582,0.18953780161364162,0.19078938604737156,0.050752973655698294,0.14782480626475633
1.749999999999994,initial_hold,0.16999058349421858,0.050591262722459784,0.18967475683764518,0.19092574021343658,0.050730618638045503,0.14806876665295074
1.9999999999999931,initial_hold,0.17021574592062846,0.050570243002271045,0.18980254869613197,0.19105301261248805,0.05071011983482319,0.14829633478875032
2.2499999999999925,shift,0.1704442615649983,0.05052006731940682,0.18993938974725746,0.1911067261700313,0.05068320455248852,0.14851150845974845
2.4615384615384532,shift,0.17076462393540753,0.05032912611035148,0.1900807547216314,0.19085442175693942,0.05060314911866641,0.14869913409741078
2.4807692307692224,shift,0.17083476217759683,0.050263185741447454,0.19009013861570176,0.1908239055539629,0.05058207573930626,0.14872326501514654
2.4999999999999916,shift,0.17090078871169995,0.05020423823111183,0.1901074291681067,0.19078536203526866,0.05056497933523847,0.1487443365930481
2.5192307692307607,shift,0.17096436138363982,0.050149751570900965,0.19012887623430694,0.19074022631718493,0.05055182713957199,0.1487628260110118
2.53846153846153,shift,0.17107985865239977,0.050092271055336646,0.1901505979283622,0.19071112479374647,0.050543508044274765,0.14878643759441104
2.557692307692299,shift,0.1718155246096262,0.04973338756707567,0.19019891699599284,0.19066638480718875,0.050465164380229105,0.14879051568561005
2.576923076923068,shift,0.17284811921823723,0.04904995593445194,0.19024980694666804,0.19056795115401237,0.05038817062618361,0.1487932616238098
2.5961538461538374,shift,0.17395038632006252,0.048131074865998213,0.19027922424870408,0.19044171026649062,0.050395992914209625,0.1487938109078817
2.6153846153846065,shift,0.17503222587980624,0.04716011332413429,0.19037463539695387,0.1903326565059986,0.050531033390514325,0.14886449012593048
2.6346153846153757,shift,0.1760268009701641,0.0462365877594507,0.19047042179835388,0.19026609764220714,0.0507063418006997,0.14897751664134443
2.653846153846145,shift,0.17690502372433692,0.04537351360582536,0.19053936969628588,0.1902316779747866,0.050924663023853796,0.14909566564325333
2.673076923076914,shift,0.1776657184202249,0.04451486253226644,0.19054890522288687,0.19021979115073256,0.051208494887075275,0.14918411840122203
2.692307692307683,shift,0.17825201460802242,0.04371928238247145,0.19053199596490422,0.19018663351939344,0.0515737005096344,0.14922335459608496
2.7499999999999907,shift,0.17971099526531664,0.04161429719932193,0.1905208704455468,0.1901761908925859,0.0530301946304918,0.1493497780482093
2.99999999999999,shift,0.18484559866122052,0.03329272681126056,0.18994437555006924,0.19026538584065747,0.05867814630749259,0.14966845883614247
3.249999999999989,shift,0.18837559070967583,0.026258122828530836,0.189741122938436,0.19030976896285126,0.06368806911903253,0.15053054448785008
3.499999999999988,shift,0.19048081457109486,0.022713240790175768,0.1898453857977141,0.1903720665130796,0.06650904973867097,0.15123832753381924
3.749999999999987,lift,0.19115042924601217,0.021877773241640006,0.19004417453308753,0.19034209671409813,0.06701490162331551,0.1514437334086133
3.9999999999999862,lift,0.19149299570532927,0.021945418970039345,0.19025870535376105,0.1906849983094266,0.06716467155530446,0.15173188748173824
4.192307692307722,lift,0.19173460190453354,0.021834573525066653,0.19041947993310324,0.19182434187722783,0.06724618851565234,0.15269762340824208
4.211538461538495,lift,0.19175804359853404,0.021825061495657747,0.19043531173625827,0.19200270017804918,0.06725469507030434,0.15284454394736877
4.230769230769269,lift,0.19178135504295452,0.02181692274473516,0.19045108020585708,0.19219425019107209,0.06726323504366641,0.15300171858880407
4.250000000000043,lift,0.19180453441171455,0.021810497363618116,0.19046679154012905,0.19239929886261967,0.06727179345844989,0.15316940743110047
4.269230769230816,lift,0.1918275801951731,0.021806169893287677,0.19048245188284862,0.19261813793599517,0.06728035718350196,0.15334785628293815
4.28846153846159,lift,0.19185049132596255,0.02180437371965631,0.19049806736235192,0.19285104468545342,0.06728891543517898,0.1535372947218024
4.307692307692363,lift,0.1918732672349843,0.021805593708873427,0.1905136435986377,0.19309828237780047,0.06729745997496385,0.15373793487589563
4.326923076923137,lift,0.19189590785227295,0.021810367256562522,0.19052918539529765,0.1933601005046955,0.06730598506793178,0.15394997083026857
4.346153846153911,lift,0.19191841356778505,0.021819283960205924,0.1905446965871724,0.19363673483328658,0.06731448726730724,0.15417357853534921
4.365384615384684,lift,0.19194078516620985,0.02183298413056749,0.19056018001055883,0.19392840732275432,0.06732296508624544,0.15440891609001675
4.384615384615458,lift,0.19196302374804447,0.02185215634403771,0.19057563756273938,0.1942353259507628,0.06733141861048966,0.15465612427746703
4.4038461538462315,lift,0.1919851306468862,0.021877534210680026,0.19059107032033257,0.1945576844879506,0.06733984909608898,0.1549153272462887
4.423076923077005,lift,0.19200710735041834,0.021909892499127146,0.19060647869026026,0.1948956622514039,0.0673482585860532,0.15518663324783816
4.5000000000000995,lift,0.19209374376964095,0.022132577510661264,0.1906678618853249,0.19640683294989864,0.06738173755531886,0.1563945348882155
4.750000000000156,lift,0.1923642517181632,0.024488350182388523,0.19086408813235767,0.20310385382781143,0.0674899394277146,0.1616787269647453
5.000000000000213,lift,0.19262340917782422,0.028479546184120352,0.19105516103417547,0.21242059367207874,0.06759781415530904,0.16888197606298153
5.25000000000027,lift,0.19287183607669575,0.032217212960411586,0.1912421173681077,0.22356241824790243,0.06770602393195878,0.17644315553575982
5.500000000000327,lift,0.1931090405499626,0.03829445852823094,0.19143715389317517,0.23447544800619294,0.06783465596553305,0.18123308376745406
5.750000000000384,lift,0.1933341975793747,0.04703317326794679,0.1916355689402746,0.24261624227828446,0.06798068418547207,0.1827310846188168
6.0000000000004405,lift,0.19354723833304022,0.05733440396066124,0.19182866023581316,0.24718283433961735,0.06812321066533965,0.18087398937039348
6.250000000000497,lift,0.19374864796506208,0.06839467967517933,0.1920174691809563,0.24857800375170294,0.06826338983510358,0.17821728952208843
6.500000000000554,lift,0.1939389976051295,0.0788904738872512,0.19220020891114428,0.24813514288170002,0.06839601569026586,0.17539498371536968
6.750000000000611,lift,0.19411889870868096,0.08770127353795179,0.19237642039018238,0.247098257503288,0.06851950254201894,0.172835240503004
7.000000000000668,lift,0.1942888108465871,0.09418029099019357,0.19255050188671569,0.24606051440175938,0.06864218349520536,0.17082430021592265
7.250000000000725,lift,0.1944497599761764,0.0982093816820741,0.19271513871847593,0.2453116765788274,0.06875146095414665,0.1695292658562631
7.500000000000782,lift,0.19460209942479706,0.10007308160767027,0.19287798469507603,0.24495012373934813,0.06886121860885043,0.16892304836936503
7.750000000000838,lift,0.19474665945792977,0.10048275147780526,0.19303378250985406,0.2448792789619596,0.06896275458246463,0.16879756027236387
8.000000000000895,clearance_hold,0.19488394996952801,0.1004778637671214,0.19318236398423091,0.2448947306744703,0.0690569576281203,0.16881255237841383
8.250000000000952,clearance_hold,0.19501378914738876,0.10046612008442136,0.19332561559821496,0.24491451466865397,0.06917258952735873,0.16882253499395572
8.500000000001009,clearance_hold,0.19513714238258661,0.10045663982901236,0.19346272243285992,0.24493240073817515,0.06927875028314501,0.1688328829261002
8.750000000001066,clearance_hold,0.19525498609955463,0.10044890769469698,0.19359342658199286,0.24494507157062054,0.06936420089374681,0.16884584360796
9.000000000001123,rotate,0.19536702603191378,0.1004432052586868,0.19372051473456847,0.2449531767010027,0.06943150029867043,0.16886388827679555
9.25000000000118,rotate,0.1954736646100196,0.10042618470475992,0.19384042851476357,0.24495983977710206,0.0694883863460453,0.16889462329714608
9.500000000001236,rotate,0.19557574833437616,0.10039023880718237,0.1939517143051127,0.24496496040177607,0.06953355103722218,0.16895181948261903
9.750000000001293,rotate,0.1956733848407528,0.10033422528359563,0.19405993254271278,0.24497736998296166,0.06957867702709994,0.1690540033473066
10.00000000000135,rotate,0.1957667157957883,0.10024440206487813,0.19416517425746818,0.24500391087124737,0.0696229738073674,0.16921115531953643
10.250000000001407,rotate,0.19585593719059124,0.10011795163221414,0.19426748532700536,0.24505358591715953,0.06966654275716501,0.16942907715367916
10.500000000001464,rotate,0.19594122735199618,0.09995447297986405,0.1943669486813149,0.24512018123089888,0.06970937823841016,0.16973335530321843
10.75000000000152,rotate,0.19602276305184502,0.09975316565291012,0.1944635714008839,0.24521741934314137,0.06975149159514743,0.1701267842791823
11.000000000001577,rotate,0.1961007098764022,0.09951003325026436,0.1945571054092556,0.24535460642812837,0.0697928938618122,0.17061796026354498
11.250000000001634,rotate,0.19617522608376162,0.09922782158960462,0.19464761927125618,0.24554243567146264,0.06983359843205969,0.17122472344288858
11.500000000001691,rotate,0.19624646317449965,0.09891285672483795,0.1947353944105669,0.24578093585511138,0.06987362084255232,0.17194573679174635
11.750000000001748,rotate,0.1963145658855543,0.09857336013080975,0.1948206471679298,0.24609776356677893,0.06991298998927677,0.1728067403291774
12.000000000001805,rotate,0.19637967216083715,0.09821516333616695,0.19490346258034102,0.24649331789708437,0.06995174474956575,0.17379796505471265
12.250000000001862,rotate,0.1964419131160736,0.09784417607692236,0.1949839259304458,0.24698092578462336,0.06998990579270532,0.17458332163803192
12.500000000001918,rotate,0.19650141301309162,0.09747011577531567,0.19506212782136617,0.24756773017043446,0.0700274952454686,0.17547004736933364
12.750000000001975,rotate,0.19655828926448515,0.09710674447887466,0.19513823917502587,0.24826304401498886,0.0700645366068678,0.1764932106248226
13.000000000002032,rotate,0.19661265249234666,0.0967707787040918,0.19521236889968738,0.24907634155549563,0.07010105406574589,0.17765638995307576
13.250000000002089,rotate,0.19666460634984817,0.09647411851803496,0.1952845927796708,0.24999022970126109,0.07013707164928379,0.17895993955132516
13.500000000002146,rotate,0.19671424436130766,0.09658036627074422,0.19535498604396595,0.25071470903419146,0.07017261224809039,0.18037757054131368
13.750000000002203,rotate,0.196761657132183,0.09682855597370495,0.1954236223333079,0.2514870683490256,0.070207696589882,0.18190760017184884
14.00000000000226,rotate,0.19680693098128646,0.09700660717408678,0.19549057254272184,0.25236377648518554,0.07024234225390309,0.18350216782083
14.250000000002316,rotate,0.19685014718255597,0.09709945455387811,0.19555590363617112,0.2533375283958396,0.07027656282761613,0.1851477201478276
14.500000000002373,rotate,0.1968913826197908,0.09709707869838172,0.19561967754428614,0.2543916128793262,0.0703103673023791,0.18680767302676562
14.75000000000243,rotate,0.19693071049618224,0.09704156808654482,0.19568195025652269,0.255504870407572,0.07034375978511287,0.18844797742208858
15.000000000002487,rotate,0.19696820105810764,0.097080622551931,0.19574277120421565,0.2566518025019045,0.0703767395702103,0.1903266891771475
15.250000000002544,rotate,0.19700392228857,0.097221540589485,0.19580218300232657,0.2578032112094251,0.07040930157486894,0.19222924433428307
15.5000000000026,rotate,0.1970379405269012,0.09746457781855088,0.19586022157922078,0.25893809722452077,0.07044143709815498,0.19338656754845712
15.750000000002657,rotate,0.19706923649871091,0.09780184660088538,0.19592222943304496,0.2600601345137137,0.07047414281648068,0.19377221814935824
16.000000000002714,rotate,0.19709977054614708,0.09818897344735854,0.19597929134436612,0.2613958671280212,0.07050356145169415,0.19329547374493838
16.25000000000277,rotate,0.1971277032255471,0.09858716421234731,0.19603981226371617,0.26254192843636137,0.07053483339426835,0.19225935790283508
16.500000000002828,rotate,0.197155310288224,0.09901402698697931,0.19609321657381254,0.2633137317523727,0.07056437421153469,0.19085046427220326
16.750000000002885,rotate,0.19718068834463887,0.09948691493542734,0.1961492823450055,0.26374878415164116,0.07059455056367533,0.18939106787907417
17.00000000000294,rotate,0.1972051768451495,0.09998334784411189,0.19620184780423125,0.2638894671678086,0.07062380904138024,0.18825195879951806
17.250000000003,rotate,0.19722851117658952,0.10036356787379795,0.19625248418363972,0.26370849785674677,0.0706525283657165,0.18720571895180477
17.500000000003055,rotate,0.19725081777784104,0.10067583133833093,0.19630091353147586,0.2633883679499989,0.0706808143750089,0.18622919783318279
17.750000000003112,rotate,0.19727199415256205,0.10098997286375946,0.19634806050186657,0.26292986576578015,0.07070862611964134,0.18533901288427812
18.00000000000317,rotate,0.19729228571344504,0.10129652339763817,0.19639294106857993,0.26241435998323187,0.0707359097512056,0.18454188017244952
18.250000000003226,rotate,0.19731137811847438,0.10159094626006086,0.19643736530988182,0.2618753544002352,0.07076282186662862,0.18383997474595934
18.500000000003283,rotate,0.1973302277795151,0.10185379392382121,0.196477015412588,0.26134417436575347,0.07078850024265342,0.18323485599595132
18.75000000000334,rotate,0.19734755702967824,0.10209386687325697,0.19651859918026757,0.2608970793749373,0.07081496680068315,0.1827311053798317
19.000000000003396,rotate,0.1973641039351285,0.10229392621353443,0.19655842623139613,0.2605572990877624,0.07084041641182627,0.18232299002495994
19.250000000003453,rotate,0.1973804173329012,0.10245266859650005,0.196594079289276,0.26030491026874714,0.07086493404177147,0.18200571969802304
19.50000000000351,rotate,0.19739499992755052,0.10257910005757459,0.19663368973585013,0.2601240929758431,0.07089055369080309,0.1817606236234219
19.750000000003567,rotate,0.19740978188109196,0.10266457551033903,0.1966675506235083,0.2600000873943613,0.07091423881196723,0.1815959744962309
20.000000000003624,rotate,0.19742402923860927,0.102722856775972,0.19669957704397514,0.25992262015710677,0.07093774198665301,0.18149082835110392
20.25000000000368,rotate,0.19743727870835065,0.10275446938413427,0.19673237366265064,0.25988112960966225,0.07096110421154923,0.1814322568341983
20.500000000003737,rotate,0.19744943910722954,0.1027681840403525,0.19676655813306762,0.2598645750750137,0.07098456811563862,0.18141330757622398
20.750000000003794,rotate,0.1974622414471754,0.10276868678311712,0.19679364350793072,0.25986240102226893,0.07100655218208175,0.18141254002619714
21.00000000000385,angle_hold,0.1974738042619523,0.10276844968792875,0.19682334838903032,0.259863855571512,0.07102875195019083,0.18141847756660112
21.250000000003908,angle_hold,0.1974851015534794,0.10276733760595326,0.19685068802332914,0.2598653877865563,0.07105037578096554,0.18142352393423947
21.500000000003965,angle_hold,0.19749563558738348,0.10276596390188614,0.19687849747727215,0.2598668008063085,0.07107181109797372,0.18142916320491514
21.75000000000402,angle_hold,0.19750395714847468,0.10276572866104912,0.19690458466308733,0.2598686298295476,0.07109278085172416,0.18143401806345374
22.00000000000408,land,0.19751171120096908,0.10268373670222299,0.19692773723537813,0.25987173078575104,0.0711127730748239,0.18145278649887156
22.250000000004135,land,0.1975189903136279,0.10202068559875388,0.1969522123577248,0.25988380598170624,0.07113241736591089,0.181580207880613
22.500000000004192,land,0.1975260714086136,0.1003519175507233,0.19697509662781407,0.2599031019731552,0.07115015477437185,0.18188514019477228
22.75000000000425,land,0.19753322819033894,0.09759405408065903,0.19699483153380407,0.2599110763640126,0.0711655068744776,0.1823631629331031
23.000000000004306,land,0.19754046311062134,0.093903721334391,0.19701277499428307,0.25987696209269184,0.071179074012704,0.18295510114615884
23.250000000004363,land,0.1975477911710496,0.08962193621248622,0.19702994833324577,0.25977494711243115,0.07119169335818454,0.18357490402168886
23.50000000000442,land,0.19755530090983825,0.0852518923900398,0.19704515691797314,0.2596009737857217,0.07120341568806739,0.18413944917676345
23.750000000004476,land,0.19755787038606346,0.08321722049260988,0.19717983699874078,0.25984917574523014,0.07099341366365518,0.1850669187702529
24.000000000004533,land,0.19753420579029513,0.08171702802089242,0.19731346446661174,0.2599817949867837,0.07085548473036388,0.18577518871844229
24.25000000000459,land,0.1975154385984459,0.08089595307384163,0.19735683704227974,0.2599939522901369,0.07075915132381863,0.18615244055364705
24.500000000004647,land,0.1975034229548796,0.0804181794770259,0.19733229308091377,0.2598385719139362,0.07069670062581916,0.18629211641984164
24.750000000004704,land,0.1975007016631084,0.0802503727398526,0.1972477470270085,0.25975141321063144,0.07066461280222373,0.18623145272787456
25.00000000000476,planted_hold,0.19750172684751535,0.08018330446739942,0.19715324201092507,0.25969467209686237,0.07064774220118018,0.18612181837694586
25.250000000004817,planted_hold,0.19750353473701335,0.0801258035575107,0.1970680950137959,0.25964853308462654,0.070637611939991,0.18602397916859398
25.500000000004874,planted_hold,0.1975057892025035,0.08007465140219021,0.1969915050171359,0.25961081559723453,0.07063242109025243,0.18593750947722412
25.75000000000493,planted_hold,0.1975083105419712,0.08002869192233762,0.1969219455718926,0.25957954201646305,0.07063079160257714,0.18586023617915462
26.000000000004988,planted_hold,0.19751118624383385,0.07998552787850774,0.19685632916745446,0.2595511790516631,0.07063036944238699,0.18578759184742355
26.250000000005045,planted_hold,0.19751437146958264,0.07994459699855361,0.19679409983294854,0.2595250970151128,0.07063089581325876,0.18571877357917474
26.5000000000051,planted_hold,0.1975177922672347,0.07990576253832514,0.1967350845459566,0.25950110546511973,0.07063226786785651,0.18565363401471804
26.75000000000516,planted_hold,0.19752138466402788,0.0798689020976684,0.19667911877113606,0.2594790302200173,0.07063439021914635,0.18559194325083944
